﻿S.No.,Sector,Product,Agriculture,Livestock,Forestry and Logging,Fishing & Aquaculture,Coal & Lignite,Crude Petroleum,Natural Gas,Iron Ore,Non ferrous metal ores,Other Mining,"Production, processing and preservation of meat, fish, fruit, vegetables, oils and fats",Manufacture of dairy products,"Manufacture of grain mill products, etc. and animal feeds",Manufacture of other food products,Manufacture of beverages,Manufacture of tobacco products,Manufacture of textiles + cotton ginning,"Manufacture of wearing apparel, except custom tailoring",Manufacture of leather and related products,Manufacture of Basic Iron and Steel + Casting of iron and steel,Manufacture of basic precious and non-ferrous metals + Casting of non-ferrous metals,"Manufacture of fabricated metal products, except machinery and equipments","Manufacture of electronic component, consumer electronics, magnetic and optical media",Manufacture of computer and peripheral equipment,Manufacture of communication equipments,Manufacture of optical and electronics products n.e.c.,Manufacture of Electrical equipments,Manufacture of machinery and equipments n.e.c.,Manufacture of Transport,Manufacture of coke and refined petroleum products," Manufacture of chemical and chemical products except pharmaceuticals, medicinal and botanical products",Manufacture of pharmaceutical; medicinal chemicals and botanical products,Manufacture of rubber & plastic products,Manufacture of other non-metallic mineral products,"Manufacture of wood and of products of wood and cork, except furniture; manufacture of articles of straw and plaiting material",Manufacture of paper and paper products,Printing and reproduction of recorded media except publishing,Manufacture of furniture,Other Manufacturing,Repair and installation of machinery and equipments,Construction,Electricity,Gas,Water supply,Railway Transport,Land Transport,Water Transport,Air Transport,Supportive & Auxiliary transport activities,Storage & warehousing,Communication,Trade,Hotels & Restaurant,Financial Services,Insurance Services,Ownership of dwellings,Education & Research,Medical and Health,Legal Services,Computer related services,Other Business services,Real estate activities,Renting of machinery and equipment,"Community, Social & personal services",Other services,Public administration. & defence,TOTAL_PRIMARY,TOTAL_SECONDARY,TOTAL_TERTIARY,OVERALL,GFCF,Valuables,CIS,TFUSE,Total Use,OP at PP,IMPORT,EXPORT
1,Agriculture,Paddy,1291035,0,0,0,0,0,0,0,0,0,0,0,20039505,84064,649496,0,0,0,0,0,0,0,0,0,0,0,0,0,0,0,0,0,0,0,0,0,0,0,0,0,0,0,0,0,0,0,0,0,0,0,0,0,0,0,0,0,0,0,0,0,0,0,0,0,0,1277503,1291035,0,1277503,2568538,0,0,0,2666095,26007698,26007698,0,34308
2,Agriculture,Wheat,1670166,2672063,0,0,0,0,0,0,0,0,0,0,3012499,643900,956076,0,0,0,0,0,0,0,0,0,0,0,0,0,0,0,0,0,0,0,0,0,0,0,0,0,0,0,0,0,0,0,0,0,0,0,0,0,1191875,0,0,0,0,0,0,0,0,0,0,0,0,3348914,4342229,0,4540789,8883018,0,0,325064,3354917,16850410,16850410,108315,106180
3,Agriculture,Coarse cereals,222886,1301796,0,8416,0,0,0,0,0,0,0,0,802884,310195,77283,0,0,0,0,0,0,0,0,0,0,0,0,0,0,0,30692,46290,0,0,0,0,0,0,0,0,0,0,0,0,0,0,0,0,0,0,0,0,0,0,0,0,0,0,0,0,0,0,0,0,0,56904,1533098,0,56904,1590002,0,0,155548,4378852,7236198,7236198,36054,157179
4,Agriculture,Gram ,68016,201213,0,0,0,0,0,0,0,0,0,0,62538,35191,0,0,0,0,0,0,0,0,0,0,0,0,0,0,0,0,0,0,0,0,0,0,0,0,0,0,0,0,0,0,0,2643666,0,0,0,0,0,0,0,0,0,0,0,0,0,0,0,0,0,0,0,70620,269229,0,2714286,2983515,0,0,28519,627181,3708425,3708425,0,0
5,Agriculture,Arhar,4632,0,0,0,0,0,0,0,0,0,0,0,2092980,0,0,0,0,0,0,0,0,0,0,0,0,0,0,0,0,0,0,0,0,0,0,0,0,0,0,0,0,0,0,0,0,0,0,0,0,0,0,0,0,0,0,0,0,0,0,0,0,0,0,0,0,0,4632,0,0,4632,0,0,9838,242159,2339771,2339771,0,0
6,Agriculture,Other pulses,104163,1281445,0,0,0,0,0,0,0,0,0,0,908717,221618,0,0,0,0,0,0,0,0,0,0,0,0,0,0,0,0,2,0,0,0,0,0,0,0,0,0,0,0,0,0,0,0,0,0,0,0,0,0,0,0,0,0,0,0,0,0,0,0,0,0,0,369809,1385608,0,369809,1755417,0,0,25156,2000960,4886714,4886714,0,0
7,Agriculture,Groundnut,39065,0,0,0,0,0,0,0,0,0,342102,0,20500,345550,0,0,0,0,0,0,0,0,0,0,0,0,0,0,0,0,0,0,0,0,0,0,0,0,0,0,0,0,0,0,0,0,0,0,0,0,0,0,0,0,0,0,0,0,0,0,0,0,0,0,0,0,39065,0,0,39065,0,0,0,2558155,3305372,3305372,0,401970
8,Agriculture,Rapeseed and mustard,161384,0,0,0,0,0,0,0,0,0,2678196,0,13968,0,0,0,0,0,0,0,0,0,0,0,0,0,0,0,0,0,2,0,0,0,0,0,0,0,0,0,0,0,0,0,0,0,0,0,0,0,0,0,0,0,0,0,0,0,0,0,0,0,0,0,0,0,161384,0,0,161384,0,0,0,401886,3255436,3255436,949,13378
9,Agriculture,Other oil seeds,151846,0,0,0,0,0,0,0,0,0,3689691,0,325068,0,0,0,0,0,0,0,0,0,0,0,0,0,0,0,0,0,28942,0,0,0,0,0,0,0,0,0,0,0,0,0,0,0,0,0,0,0,0,0,0,0,0,0,0,0,0,0,0,0,0,0,0,0,151846,0,0,151846,0,0,0,1848231,6043778,6043778,31635,395717
10,Agriculture,kapas,163473,0,0,0,0,0,0,0,0,0,0,0,0,0,0,0,8093741,0,0,0,0,0,0,0,0,0,0,0,0,0,1274,0,0,0,0,0,0,0,0,0,0,0,0,0,0,0,0,0,0,0,0,0,0,0,0,0,0,0,0,0,0,0,0,0,0,0,163473,0,0,163473,0,0,0,98,8258586,8258586,0,98
11,Agriculture,"jute, hemp and mesta",81036,0,0,0,0,0,0,0,0,0,0,0,0,0,0,0,1020356,0,0,0,0,0,0,0,0,0,0,0,0,0,0,0,0,0,0,0,0,0,0,0,0,0,0,0,0,0,0,0,0,0,0,0,0,0,0,0,0,0,0,0,0,0,0,0,0,0,81036,0,0,81036,0,0,0,12178,1113570,1113570,52418,12178
12,Agriculture,Sugarcane,581171,0,0,0,0,0,0,0,0,0,0,0,0,9482443,1657,0,0,0,0,0,0,0,0,0,0,0,0,0,0,0,0,0,0,0,0,0,0,0,0,0,0,0,0,0,0,0,0,0,0,0,0,0,0,0,0,0,0,0,0,0,0,0,0,0,0,0,581171,0,0,581171,0,0,0,200227,10265498,10265498,0,440
13,Agriculture,Coconut,187212,0,0,0,0,0,0,0,0,0,112205,0,0,0,606842,0,0,0,0,0,0,0,0,0,0,0,0,0,0,0,0,0,0,0,0,0,0,0,0,0,0,0,0,0,0,0,0,0,0,0,0,0,0,0,0,0,0,0,0,0,0,0,0,0,0,0,187212,0,0,187212,0,0,0,1367743,2274002,2274002,255,10758
14,Agriculture,Tobacco,12921,0,0,0,0,0,0,0,0,0,0,0,0,0,0,1365058,0,0,0,0,0,0,0,0,0,0,0,0,0,0,0,0,0,0,0,0,0,0,0,0,0,0,0,0,0,0,0,0,0,0,0,0,0,0,0,0,0,0,0,0,0,0,0,0,0,0,12921,0,0,12921,0,0,0,0,1377979,1377979,0,0
15,Agriculture,Tea ,213586,0,0,0,0,0,0,0,0,0,0,0,0,1234341,0,0,0,0,0,0,0,0,0,0,0,0,0,0,0,0,0,0,0,0,0,0,0,0,0,0,0,0,0,0,0,0,0,0,0,0,0,0,0,0,0,0,0,0,0,0,0,0,0,0,0,0,213586,0,0,213586,0,0,0,0,1447927,1447927,0,0
16,Agriculture,Coffee ,217342,0,0,0,0,0,0,0,0,0,0,0,0,813673,0,0,0,0,0,0,0,0,0,0,0,0,0,0,0,0,0,0,0,0,0,0,0,0,0,0,0,0,0,0,0,0,0,0,0,0,0,0,0,0,0,0,0,0,0,0,0,0,0,0,0,0,217342,0,0,217342,0,0,0,0,1031015,1031015,58452,0
17,Agriculture,Rubber,115947,0,0,0,0,0,0,0,0,0,0,0,0,0,0,0,0,0,0,0,0,0,0,0,0,0,0,0,0,0,0,0,630035,0,0,0,0,0,0,0,0,0,0,0,0,0,0,0,0,0,0,0,0,0,0,0,0,0,0,0,0,0,0,0,0,0,115947,0,0,115947,0,0,0,0,745982,745982,0,0
18,Agriculture,Fruits,63851,0,0,0,0,0,0,0,0,0,836221,705,0,9945,47631,0,0,0,0,0,0,0,0,0,0,0,0,0,0,0,8740,4644,0,0,0,0,0,0,0,0,0,0,0,0,0,0,0,0,0,0,0,0,532940,0,0,0,0,0,0,0,0,0,0,0,0,138028,63851,0,670968,734819,0,0,0,25787997,27430702,27430702,293841,428988
19,Agriculture,Vegetables,88669,1325207,0,0,0,0,0,0,0,0,1870922,349,0,41965,260354,0,0,0,0,0,0,0,0,0,0,0,0,0,0,0,20494,11132,0,0,0,0,0,0,0,0,0,0,0,0,0,0,0,0,0,0,0,0,1085407,0,0,0,0,0,0,0,0,0,0,0,0,640074,1413876,0,1725481,3139357,0,0,0,29331759,34676332,34676332,184830,767251
20,Agriculture,Other food crops,3611803,13079257,0,0,0,0,0,0,0,0,1886133,1263,40496,623363,4277,23128,0,0,0,0,0,0,0,0,0,0,0,0,0,0,241992,51966,0,0,0,66672,0,0,0,0,3054016,1239261,0,0,0,0,0,0,0,0,0,0,0,0,0,0,0,0,0,0,0,0,0,0,0,332617,16691060,0,1571878,18262938,0,0,0,32480377,56736621,56736621,481079,487509
21,Agriculture,Milk,0,459929,0,0,0,0,0,0,0,0,0,12780351,0,3709980,377221,0,0,0,0,0,0,0,0,0,0,0,0,0,0,0,0,16,0,0,0,0,0,0,0,0,0,0,0,0,0,0,0,0,0,0,0,0,18749375,0,0,0,0,0,0,0,0,0,0,0,0,3475455,459929,0,22224830,22684759,0,0,0,29198020,68750347,68750347,0,0
22,Agriculture,Wool,0,0,0,0,0,0,0,0,0,0,0,0,0,0,0,0,63751,0,0,0,0,0,0,0,0,0,0,0,0,0,0,0,0,0,0,0,0,0,0,0,0,0,0,0,0,0,0,0,0,0,0,0,0,0,0,0,0,0,0,0,0,0,0,0,0,0,0,0,0,0,0,0,0,0,63751,63751,0,0
23,Agriculture,Egg and poultry,0,374194,0,772097,0,0,0,0,0,0,98902,0,0,34164,0,0,0,0,0,0,0,0,0,0,0,0,0,0,0,0,0,2877,0,0,0,0,0,0,0,0,0,0,0,0,0,0,0,0,0,0,0,0,848378,0,0,0,0,0,0,0,0,0,0,0,0,2558943,1146291,0,3407321,4553612,0,0,0,8160727,12850282,12850282,999,68429
24,Agriculture,Other livestock products,3175800,46017,0,7275,0,0,0,0,0,0,1500962,0,0,0,0,0,24989,0,2875218,0,0,0,0,0,0,0,0,0,0,0,6521252,19723,0,0,0,0,0,0,0,0,2594052,0,0,0,0,0,0,0,0,0,0,0,0,0,0,0,0,0,0,0,0,0,0,0,0,655137,3229092,0,655137,3884229,1013136,0,0,3250878,20671303,20671303,399079,171087
25,Agriculture,Industry Wood,0,12122,25919,0,0,0,0,0,0,0,0,0,0,0,0,0,0,0,0,0,0,0,0,0,0,0,0,0,0,0,0,0,0,0,1046433,39284,0,285016,0,0,14158105,0,0,0,0,0,0,0,0,0,0,0,0,0,0,0,0,0,0,0,0,0,0,0,0,0,38041,0,0,38041,0,0,0,0,15566879,15566879,0,0
26,Agriculture,Firewood,0,0,2459,0,0,0,0,0,0,0,0,0,0,4639,0,0,0,0,0,0,0,0,0,0,0,0,0,0,0,576,46567,0,3012,57833,607712,0,0,0,0,0,0,0,0,0,0,0,0,0,0,0,0,0,0,0,0,0,0,0,0,0,0,0,0,0,0,0,2459,0,0,2459,0,0,0,7092007,7814805,7814805,61,0
27,Agriculture,Other forestry products,0,49287,0,0,0,0,0,0,0,0,411970,453,15012,282629,4132,622315,0,0,0,0,0,0,0,0,0,0,0,0,0,0,855742,79805,1503920,0,120497,265368,15770,47738,2681,0,691532,0,0,0,0,0,0,0,0,0,0,0,0,0,0,0,0,0,0,0,0,0,0,0,0,952,49287,0,952,50239,0,0,0,2917130,7886933,7886933,2942714,1326481
28,Agriculture,Inland Fish,0,0,0,317551,0,0,0,0,0,0,1838604,0,0,0,0,0,0,0,0,0,0,0,0,0,0,0,0,0,0,0,0,0,0,0,0,0,0,0,0,0,0,0,0,0,0,0,0,0,0,0,0,0,72340,0,0,0,0,0,0,0,0,0,0,0,0,0,317551,0,72340,389891,0,0,0,10052035,12280530,12280530,20140,263114
29,Agriculture,Marine Fish,0,0,0,95041,0,0,0,0,0,0,1142176,0,0,0,0,0,0,0,0,0,0,0,0,0,0,0,0,0,0,0,0,1055801,0,0,0,0,0,0,0,0,0,0,0,0,0,0,0,0,0,0,0,0,112285,0,0,0,0,0,0,0,0,0,0,0,0,0,95041,0,112285,207326,0,0,0,7173038,9578341,9578341,27413,233691
30,Mining,Coal and Lignite,0,0,0,0,19205,0,0,894,21255,0,203161,3583,22090,0,16842,15896,1467708,18802,12555,11555805,434265,27544,0,0,237,14,5444,94373,13077,2629458,838553,64205,135120,5298177,15974,676299,0,7447,51,0,0,4481885,0,348607,313045,0,0,0,0,0,0,0,0,0,0,0,0,0,0,0,0,0,0,0,0,0,41354,0,5143537,5184891,0,0,0,392831,29134402,29134402,9657523,105447
31,Mining,Natural Gas,0,0,0,0,0,502,135,0,0,0,0,0,0,0,0,0,0,0,0,0,0,0,0,0,0,0,0,0,0,6604223,0,0,0,0,0,0,0,0,0,0,0,0,0,0,0,0,0,0,0,0,0,0,0,0,0,0,0,0,0,0,0,0,0,0,0,0,637,6604223,0,6604860,0,0,0,0,6604860,6604860,0,0
32,Mining,Crude petroleum,0,0,0,0,0,84,37,0,0,0,0,0,0,0,0,0,0,0,0,0,0,0,0,0,0,0,0,0,0,61971050,0,0,0,0,0,0,0,0,0,0,0,0,0,0,0,0,0,0,0,0,0,0,0,0,0,0,0,0,0,0,0,0,0,0,0,0,121,61971050,0,61971171,0,0,0,0,61971171,61971171,44667094,0
33,Mining,Iron ore,0,0,0,0,0,0,0,0,0,0,0,0,0,0,0,0,0,0,0,10623058,0,177969,0,0,0,0,0,0,0,0,0,0,0,0,0,0,0,0,0,0,0,0,0,0,0,0,0,0,0,0,0,0,0,0,0,0,0,0,0,0,0,0,0,0,0,0,0,10801027,0,10801027,0,0,244032,399048,11200075,11200075,330568,155016
34,Mining,Manganese ore,0,0,0,0,0,0,0,0,0,0,0,0,0,0,0,0,0,0,0,520771,1602,0,0,0,0,0,0,0,0,0,0,0,0,0,0,0,0,0,0,0,0,0,0,0,0,0,0,0,0,0,0,0,0,0,0,0,0,0,0,0,0,0,0,0,0,0,0,522373,0,522373,0,0,28863,30297,552670,552670,215018,1434
35,Mining,Bauxite,0,0,0,0,0,0,0,0,0,0,0,0,0,0,0,0,0,0,0,0,605679,0,0,0,0,0,0,0,0,0,0,0,0,0,0,0,0,0,0,0,0,0,0,0,0,0,0,0,0,0,0,0,0,0,0,0,0,0,0,0,0,0,0,0,0,0,0,605679,0,605679,0,0,3,135318,740997,740997,62273,135315
36,Mining,Copper ore,0,0,0,0,0,0,0,0,0,0,0,0,0,0,0,0,0,0,0,0,79258,2979842,0,0,0,0,0,0,0,0,0,0,0,0,0,0,0,0,0,0,0,0,0,0,0,0,0,0,0,0,0,0,0,0,0,0,0,0,0,0,0,0,0,0,0,0,0,3059100,0,3059100,0,0,460,7899,3066999,3066999,2737178,7439
37,Mining,Other Metallic minerals,0,0,0,0,0,0,0,0,0,0,0,0,0,0,0,0,0,0,0,732785,1979250,3818,0,0,0,0,0,0,0,0,0,0,0,0,0,0,0,0,0,0,0,0,0,0,0,0,0,0,0,0,0,0,0,0,0,0,0,0,0,0,0,0,0,0,0,0,0,2715853,0,2715853,0,0,490107,604606,3320459,3320459,358827,114499
38,Mining,Limestone,0,0,0,907205,0,0,0,0,0,0,0,0,0,0,0,0,0,0,0,0,0,0,0,0,0,0,0,0,0,0,0,0,0,2385256,0,0,0,0,0,0,0,0,0,0,0,0,0,0,0,0,0,0,0,0,0,0,0,0,0,0,0,0,0,0,0,0,907205,2385256,0,3292461,0,0,0,56942,3349403,3349403,247288,56942
39,Mining,Mica,0,0,0,0,0,0,0,0,0,0,0,0,0,0,0,0,0,0,0,0,0,0,0,0,0,0,0,0,0,0,0,0,0,204,0,0,0,0,0,0,0,0,0,0,0,0,0,0,0,0,0,0,0,0,0,0,0,0,0,0,0,0,0,0,0,0,0,204,0,204,0,0,114,114,318,318,0,0
40,Mining,Other non metallic minerals,0,0,0,0,0,452228,347358,0,0,0,0,0,0,0,0,0,0,0,0,0,0,0,0,0,0,0,0,0,0,0,0,0,0,3470987,0,0,0,0,205858,0,10274541,0,0,0,0,0,0,0,0,0,0,0,0,0,0,0,0,0,0,0,0,0,0,0,0,0,799586,13951386,0,14750972,0,0,89586,1009303,15760275,15760275,1083973,919717
41,Manufacturing,Processed poultry meat & poultry meat products,0,0,0,0,0,0,0,0,0,0,205723,0,0,101,0,0,0,0,0,0,0,0,0,0,0,0,0,0,0,0,0,0,0,0,0,0,0,0,0,0,0,0,0,0,0,0,0,0,0,0,0,0,3216,0,0,0,0,0,0,0,0,0,0,0,0,2809,0,205824,6025,211849,0,0,0,5746319,5958168,5958168,18464,2760461
42,Manufacturing,Processed other meat & meat products,0,0,0,0,0,0,0,0,0,0,0,0,0,0,0,0,0,0,0,0,0,0,0,0,0,0,0,0,0,0,0,0,0,0,0,0,0,0,0,0,0,0,0,0,0,0,0,0,0,0,0,0,6869,0,0,0,0,0,0,0,0,0,0,0,0,19699,0,0,26568,26568,0,0,0,137833,164401,164401,302,8240
43,Manufacturing,Processed fish & fish products,0,0,0,0,0,0,0,0,0,0,0,0,0,2959,0,0,0,0,0,0,0,0,0,0,0,0,0,0,0,0,0,0,0,0,0,0,0,0,0,0,0,0,0,0,0,0,0,0,0,0,0,0,26230,0,0,0,0,0,0,0,0,0,0,0,0,161437,0,2959,187667,190626,0,0,0,2757420,2948046,2948046,31659,2212610
44,Manufacturing,Processed fruits & Processed Vegetables,0,0,0,0,0,0,0,0,0,0,81545,958,0,997,865,2772,0,0,0,0,0,0,0,0,0,0,0,0,0,0,93,705,0,0,0,0,0,0,0,0,0,0,0,0,0,0,0,0,0,0,0,0,313,0,0,0,0,0,0,0,0,0,0,0,0,18410,0,87935,18723,106658,0,0,0,2373853,2480511,2480511,677356,417546
45,Manufacturing,Dairy products,0,0,0,0,0,0,0,0,0,0,460365,342233,0,565978,2189,0,0,0,0,0,0,0,0,0,0,0,0,0,0,0,2410,2999,0,0,0,0,0,0,0,0,0,0,0,0,0,0,0,0,0,0,0,0,144271,0,0,0,0,0,0,0,0,0,0,0,0,82702,0,1376174,226973,1603147,0,0,203381,14864650,16467797,16467797,47365,79550
46,Manufacturing,Edible Oils and Fats ,0,1941325,0,0,0,0,0,0,0,0,91553,1980,0,2378347,257,245,0,0,0,0,0,0,0,0,0,0,0,2348,0,0,476686,8655,0,0,0,0,0,0,0,0,0,0,0,0,0,0,0,0,0,0,0,0,39712,0,0,0,0,0,0,0,0,0,0,0,0,33103,1941325,2960071,72815,4974211,0,0,198607,14944017,19918228,19918228,8653785,550164
47,Manufacturing,"Grain Mill products, starch and starch products",0,327396,0,3416,0,0,0,0,0,0,0,0,0,1433681,96556,0,0,0,0,0,0,0,0,0,0,0,0,0,0,0,367191,61488,0,0,0,0,0,0,0,0,0,0,0,0,0,0,0,0,0,0,0,0,23405,0,0,0,0,0,0,0,0,0,0,0,0,699924,330812,1958916,723329,3013057,0,0,389183,34907945,37921002,37921002,2616149,4127627
48,Manufacturing,Sugar,0,171638,0,0,0,0,0,0,0,0,0,1076,0,976524,51461,0,0,0,0,0,0,0,0,0,0,0,0,0,0,0,14179,4836,0,0,0,0,0,0,0,0,0,0,0,0,0,0,0,0,0,0,0,0,15764,0,0,0,0,0,0,0,0,0,0,0,0,85189,171638,1048076,100953,1320667,0,0,125496,9635771,10956438,10956438,550667,846370
49,Manufacturing,Bread & Bakery products,0,0,0,0,0,0,0,0,0,0,0,0,0,2101,148,0,0,0,0,0,0,0,0,0,0,0,0,0,0,0,0,0,0,0,0,0,0,0,0,0,0,0,0,0,0,0,0,0,0,0,0,0,100937,0,0,0,0,0,0,0,0,0,0,0,0,335933,0,2249,436870,439119,0,0,0,4060545,4499664,4499664,23501,174585
50,Manufacturing,Miscellaneous food products,0,172473,0,8120,0,0,0,0,0,0,348345,838,0,895643,46485,32586,0,0,0,0,0,0,0,0,0,0,0,0,0,0,51880,29796,0,0,0,0,0,0,0,0,0,0,0,0,0,0,0,0,0,0,0,7049,8797,0,0,0,0,0,12495,0,0,0,0,0,0,455763,180593,1405573,484104,2070270,0,0,244259,17200768,19271038,19271038,601611,1320509
51,Manufacturing,Alcoholic beverages,0,0,0,0,0,0,0,0,0,0,15354,0,0,297,216693,0,0,0,0,0,0,0,0,0,0,0,0,0,0,0,14075,2774,0,0,0,0,0,0,0,0,0,0,0,0,0,0,0,0,0,0,0,0,30693,0,0,0,0,0,0,0,0,0,0,0,0,215612,0,249193,246305,495498,0,0,123259,7458967,7954465,7954465,628549,200769
52,Manufacturing,Non alcoholic beverages,0,0,0,0,0,0,0,0,0,0,50789,0,0,437,76269,0,0,0,0,0,0,0,0,0,0,0,0,0,0,0,6,712,0,0,0,0,0,0,0,0,0,0,0,0,0,0,0,0,0,0,0,0,34757,0,0,0,0,0,0,0,0,0,0,0,0,97378,0,128213,132135,260348,0,0,55761,2756016,3016364,3016364,134565,41636
53,Manufacturing,Tea processed,0,0,0,0,0,0,0,0,0,0,0,0,0,0,17752,0,0,0,0,0,0,0,0,0,0,0,0,0,0,0,0,0,0,0,0,0,0,0,0,0,0,0,0,0,0,0,0,0,0,0,0,0,220088,0,0,0,0,0,0,0,0,0,0,0,0,1485061,0,17752,1705149,1722901,0,0,32391,1731931,3454832,3454832,68099,401900
54,Manufacturing,Coffee processed,0,0,0,0,0,0,0,0,0,0,0,0,0,0,3240,0,0,0,0,0,0,0,0,0,0,0,0,0,0,0,0,0,0,0,0,0,0,0,0,0,0,0,0,0,0,0,0,0,0,0,0,0,103346,0,0,0,0,0,0,0,0,0,0,0,0,566859,0,3240,670205,673445,0,0,5930,826664,1500109,1500109,151656,491994
55,Manufacturing,Tobacco Products,0,0,0,0,0,0,0,0,0,0,0,0,0,0,0,526448,0,0,0,0,0,0,0,0,0,0,0,0,0,0,0,0,0,0,0,0,0,0,0,0,0,0,0,0,0,0,0,0,0,0,0,0,0,0,0,0,0,0,0,0,0,0,0,0,0,0,0,526448,0,526448,0,0,68578,11055986,11582434,11582434,41085,654188
56,Manufacturing,Cotton Yarn and Cotton Textiles,0,0,0,0,0,0,0,0,0,16478,15696,0,0,0,0,4981,5724398,2476611,28716,0,7,0,0,0,0,246,0,6962,3967,0,3007,2425,22902,2565,0,0,832,38521,1556,0,0,0,0,0,0,0,0,0,0,0,0,0,0,0,0,0,0,36845,0,0,0,0,0,0,0,0,16478,8333392,36845,8386715,0,0,279672,20852366,29239081,29239081,483688,3673173
57,Manufacturing,Synthetic yarn and synthetic  textiles,0,0,0,0,0,0,0,0,0,0,0,0,0,0,0,0,6464888,2194297,28075,0,0,1791,0,0,0,0,12483,26798,21712,0,134544,3562,444855,17080,0,0,573,60577,3605,0,0,0,0,0,0,0,0,0,0,0,0,0,0,0,0,0,0,0,0,0,0,0,0,0,0,0,0,9414840,0,9414840,0,0,200261,17915786,27330626,27330626,1667512,2904440
58,Manufacturing,Wool yarn and woolen textiles,0,0,0,0,0,0,0,0,0,0,0,0,0,0,0,0,2197334,493291,0,0,0,0,0,0,0,0,0,0,58169,0,0,0,0,0,0,0,0,0,83,0,0,0,0,0,0,0,0,0,0,0,0,0,0,0,0,0,0,0,0,0,0,0,0,0,0,0,0,2748877,0,2748877,0,0,11751,2542783,5291660,5291660,41488,1353148
59,Manufacturing,Silk yarn and silk textiles,0,0,0,0,0,0,0,0,0,0,0,0,0,0,0,0,539197,305305,0,0,0,0,0,0,0,0,0,0,0,0,0,0,0,0,0,0,0,0,0,0,0,0,0,0,0,0,0,0,0,0,0,0,0,0,0,0,0,0,0,0,0,0,0,0,0,0,0,844502,0,844502,0,0,65968,6920508,7765010,7765010,39877,63601
60,Manufacturing,Carpet weaving,0,0,0,0,0,0,0,0,0,0,0,0,0,0,0,0,101572,0,0,0,0,0,0,0,0,0,0,0,4042,0,0,0,0,0,0,0,0,0,0,0,0,0,0,0,0,0,0,0,0,0,0,0,0,0,0,0,0,0,0,0,0,0,0,0,0,0,0,105614,0,105614,473226,0,21197,2039525,2145139,2145139,72113,1129973
61,Manufacturing,Ready made garments,6109,0,62189,0,9014,2791,2821,17512,12489,22350,0,0,0,0,0,0,746824,762511,62971,0,0,0,0,0,0,0,6242,95781,28958,0,0,0,1741,66,214,483,0,0,0,0,149261,251458,116057,796,196138,507158,44495,322647,74460,6160,64619,47094,1458,1090,3181,0,18863,9394,26863,17327,40819,42184,3965,112523,11472,56702,135275,1855052,1976923,3967250,0,0,211494,18422855,22390105,22390105,464522,8927937
62,Manufacturing,Misc. textile products,0,0,8366,7054,0,0,0,0,0,50,2711,0,1438,0,1,15608,188708,51057,15336,8867,13853,7211,0,0,11083,1675,19379,11991,40374,3622,87035,60389,54535,3802,1659,9246,3890,23463,991,347,9754,0,0,0,0,1,0,0,10,64859,94,50256,40,14749,1293,0,22,2293,180,77,441,1442,1275,25393,488,0,15470,648025,162913,826408,0,0,176855,14367784,15194192,15194192,1186507,4581188
63,Manufacturing,Leather footwear,0,0,0,0,72723,0,0,0,0,0,0,0,0,0,0,0,0,0,665505,0,0,0,0,0,0,0,0,0,0,0,0,0,0,0,0,0,0,0,0,0,0,0,0,0,0,0,0,0,0,0,0,0,0,0,0,0,0,0,0,0,0,0,0,0,0,56637,72723,665505,56637,794865,0,0,47129,7040616,7835481,7835481,372636,1793235
64,Manufacturing,Leather and leather products except footwear,0,0,0,0,97372,0,0,0,0,0,0,0,0,0,0,0,12317,181336,1005550,0,0,0,0,0,0,0,1666,3076,3734,0,0,6,10632,0,10700,600,67,13538,1513,0,0,0,0,0,0,0,0,0,0,0,0,0,0,0,0,0,0,0,0,0,0,0,0,0,0,1720,97372,1244735,1720,1343827,0,0,49153,3719420,5063247,5063247,602049,1856063
65,Manufacturing,Wood and wood products except furniture,0,419860,50842,8132,734570,9366,3138,0,926,0,8237,0,0,6339,1764,31510,7258,1830,0,2071,3227,53606,5046,0,66,187,10252,56299,185791,35895,84571,123,16675,10871,2367444,494483,4452,941105,5150,655,963216,0,0,0,0,0,0,0,0,0,0,1460738,0,0,0,0,0,0,342556,0,0,0,0,0,0,0,1226834,5298123,1803294,8328251,0,0,85638,2655892,10984143,10984143,851902,272245
66,Manufacturing,"Paper, Paper products and newsprint",7369,0,43099,0,7541,213,33,1965,2006,103890,5025,2422,1599,116,19940,52429,59289,3589,7946,37414,6295,7719,9048,2689,147119,642,16816,69875,16023,303339,100886,34422,125789,32913,158545,3931621,2165936,32131,3005,128,92257,989197,151733,7560,172933,1476392,31525,201695,116783,17961,759088,275015,349,605237,50215,0,1196235,14872,585825,99808,338701,296042,13095,654616,41290,14577,166116,7446967,8110744,15723827,0,0,163856,2026009,17749836,17749836,2887559,752995
67,Manufacturing,"Publishing, printing and allied activities",11838,0,51908,0,1410,92,65,242,863,19210,0,0,0,32,13607,288,3505,26742,64,20162,6087,502,383,9,394,0,0,46695,0,284946,4219,0,534,1334,118,24454,42298,4166,0,93,1389,116899,18995,2821,63554,48763,12049,74007,83829,9588,42290,45144,130,208189,13218,0,20526,5489,4328,33964,94828,13802,6447,44227,18763,12646,85628,482021,994496,1562145,0,0,84233,3733766,5295911,5295911,243540,190120
68,Manufacturing,Furniture & Fixtures ,7250,0,18694,0,1420,105,271,12700,8905,20563,0,0,0,0,0,0,0,0,0,0,0,860,17601,528,24640,1881,31,52252,137727,0,752,0,1257,132,3275,0,29,303846,171,108,1180684,16816,7512,1045,9258,9598,12850,9458,21937,8795,32494,33831,97,21814,6479,0,27023,3605,2801,13239,58474,92013,5684,20429,5826,85905,69908,1725774,506983,2302665,2493582,0,94867,9195360,11498025,11498025,549902,475412
69,Manufacturing,Rubber products,511,0,27473,0,8823,1095,0,36134,155251,107037,16,0,0,0,0,0,527422,399779,367612,422945,242059,89434,36769,12611,20886,42394,164043,809427,2218378,1629205,457759,286797,118401,287294,26279,55020,27276,356896,16170,5066,2511186,0,0,261361,0,1666925,29,29,602,66346,7947,147098,6033,0,0,0,10,114,0,0,2158,68994,0,304005,1017,6204,336324,11131124,2538872,14006320,0,0,790404,4482669,18488989,18488989,2136992,1551259
70,Manufacturing,Plastic products,0,0,8676,0,0,0,0,0,0,185346,759281,23855,15401,26246,290600,161227,849409,565352,187557,107013,178388,172569,478000,47795,149484,306739,700417,711353,10566382,60436,650501,623546,1251346,493765,25317,170275,186334,165677,27100,39098,1506902,0,0,6402,171,52,273,422,27055,66475,2437,269516,13940,0,0,0,67993,849,2286,10558,29749,18310,16179,1384380,36715,0,194022,21497365,1953762,23645149,1629680,0,314200,11571825,35216974,35216974,8065069,3144757
71,Manufacturing,Petroleum products ,5354612,0,369381,44782,540933,91365,496379,407647,203965,481520,977233,16246,38307,13918,189033,34896,1103959,246368,91003,5087964,1782956,215837,35225,22048,30288,9783,303072,2186656,581860,12239823,483336,322884,557378,1056774,40174,157948,51065,123135,4759,25657,2448852,11589034,740275,668250,908839,21523587,166458,1123877,2495565,97325,5784076,8140098,265063,1019073,67422,0,475554,27639,171933,393133,6191287,3820587,187336,4205184,238763,8882,7990584,30478437,70309240,108778261,0,0,3096434,58169650,166947911,166947911,11825479,27573071
72,Manufacturing,Coal tar products,0,0,0,0,0,0,0,0,0,0,0,0,0,0,0,0,0,0,0,681482,4608,0,0,0,0,0,0,0,0,1141,15695,0,22862,7201,0,0,0,0,0,0,3664786,0,0,0,0,0,0,0,0,0,0,0,0,0,0,0,274,17,0,4233,338,19409,1197,35681,143,2225,0,4397775,63517,4461292,0,0,78141,87482,4548774,4548774,4844,9341
73,Manufacturing,Inorganic chemicals,0,0,0,0,0,0,0,434756,217701,0,21207,66,8774,1010,9986,679,2892178,16196,60845,489396,136438,29417,55129,8536,190,279,1045040,30866,38972,7345627,8564445,722095,1393846,650444,3820,84551,10664,145374,4842,1011,0,0,0,31290,0,0,0,0,0,9099,0,0,0,0,0,0,0,0,0,0,0,0,0,0,0,0,652457,23771923,40389,24464769,0,0,409275,1346017,25810786,25810786,3633284,936742
74,Manufacturing,Organic chemicals,0,0,0,0,0,0,0,649113,727123,0,401426,4300,26391,1568,402647,98475,5714756,28936,148678,482697,1920096,121366,17289,6059,1797,21687,307882,461255,785307,246045,23080893,2870602,3495982,176929,331344,209957,27643,1758413,501351,1022,0,0,0,46803,0,0,0,0,0,11213,0,0,0,0,0,0,0,0,0,0,0,0,0,0,0,0,1376236,43652793,58016,45087045,0,0,409657,9259733,54346778,54346778,13957781,8850076
75,Manufacturing,Fertilizers,5299900,0,0,6149,0,0,0,0,0,0,0,0,0,0,0,0,0,0,0,0,0,0,0,0,0,0,0,0,0,0,0,0,0,0,0,0,0,0,0,0,730217,0,0,0,0,0,0,0,0,0,0,0,0,0,0,0,0,0,0,0,0,0,0,0,0,0,5306049,730217,0,6036266,0,0,139013,206349,6242615,6242615,4874669,67336
76,Manufacturing,Pesticides,235900,0,0,0,0,0,0,0,0,0,0,0,0,0,0,0,39,0,0,0,0,0,0,0,0,0,0,0,0,0,0,558,0,0,0,0,0,0,0,0,1508906,0,0,0,0,0,0,0,0,54170,0,1481731,97,0,0,0,0,0,0,0,0,0,0,0,0,0,235900,1509503,1535998,3281401,0,0,61483,508327,3789728,3789728,0,0
77,Manufacturing,"Paints, varnishes and lacquers",0,0,0,25,0,0,0,0,0,0,0,0,0,0,0,0,587530,56932,430973,119185,75735,67441,4536,4729,2763,1302,38100,29412,182908,437,693076,9129,345591,55837,5299,86747,300729,62598,6969,2741,4904587,0,0,0,0,0,0,0,0,0,0,0,0,0,0,0,0,0,0,0,0,0,0,0,0,0,25,8075286,0,8075311,0,0,86848,1748896,9824207,9824207,1153438,1662048
78,Manufacturing,Drugs and medicine,0,1191221,0,33710,0,0,0,0,0,0,0,0,0,0,0,0,0,0,0,0,0,7189,0,0,0,0,0,0,0,0,718842,7212875,0,0,0,0,0,0,0,0,0,0,0,0,0,0,0,0,0,0,0,0,0,0,0,0,0,10845222,0,0,0,0,0,0,0,405693,1224931,7938906,11250915,20414752,0,0,255372,8093246,28507998,28507998,1151498,7837874
79,Manufacturing,"Soaps, cosmetics and glycerin",0,0,0,0,0,0,0,0,0,0,0,0,0,0,0,0,362,260,0,0,0,6,0,0,0,0,0,0,0,0,49077,2024,0,0,0,0,0,0,0,0,0,0,0,13,0,0,0,0,0,0,0,6042,1474,0,0,0,0,0,0,0,0,0,0,0,0,742,0,51729,8271,60000,0,0,144660,12285995,12345995,12345995,797456,1239834
80,Manufacturing,"Synthetic fibres, resin",0,0,0,0,0,0,0,0,0,0,0,0,0,0,0,0,4733590,637173,94149,38666,0,77905,19395,57706,15037,0,144677,18693,247194,16710,1184751,0,4387165,38378,18747,24685,22456,330300,10922,1,0,0,0,0,0,0,0,0,0,0,0,0,0,0,0,0,0,0,0,0,0,0,0,0,0,0,0,12118300,0,12118300,0,0,180702,180702,12299002,12299002,0,0
81,Manufacturing,Other chemicals and chemical products,0,0,0,5876,552639,2600018,810355,25016,5276,0,911355,4518,29594,6999,25204,15485,1308314,63508,267484,213844,102052,55708,98342,1434,7285,3352,70928,348378,408008,179979,856400,178258,631081,190975,154105,439903,38833,70264,302942,1658,374602,0,0,4216,0,0,0,0,0,0,0,0,0,0,0,0,0,128,0,0,0,0,0,0,0,0,3999180,7360792,4344,11364316,0,0,162329,2712005,14076321,14076321,414376,354390
82,Manufacturing,Cement,0,0,0,0,0,0,0,0,0,0,0,0,0,0,0,0,0,0,0,0,0,0,0,0,0,0,0,0,0,0,0,0,0,8181,0,0,0,0,0,0,16296986,0,0,0,0,0,0,0,0,0,0,0,0,0,0,0,0,0,0,0,0,0,0,0,0,0,0,16305167,0,16305167,0,0,54828,247991,16553158,16553158,233983,193163
83,Manufacturing,Non metallic mineral products,0,0,0,0,0,0,0,0,0,0,0,0,0,0,13263,11928,155,0,0,152539,1863595,80624,29524,564,830,15519,145304,64004,127765,15746,54984,9001,63720,3608855,17149,14141,1201,46053,5139,12040,23199335,0,0,0,0,0,0,0,0,0,0,0,2185,0,0,0,0,0,0,0,0,0,0,0,0,0,0,29552978,2185,29555163,0,0,407066,2739327,32294490,32294490,1712104,1811485
84,Manufacturing,Iron and steel Ferro alloys,0,0,0,0,0,0,0,0,0,0,0,0,0,0,0,0,0,0,0,2230046,3900780,166112,3872,0,0,9543,75193,365729,342148,0,0,0,122544,27480,0,0,0,925,3173,289,3777821,0,0,240,0,0,8,0,0,0,0,0,230,0,0,0,0,0,0,0,0,0,0,0,0,0,0,11025655,478,11026133,0,0,193928,1012618,12038751,12038751,2627947,818690
85,Manufacturing,Iron and steel casting and forging,0,0,0,0,0,0,0,0,0,0,0,0,0,0,0,0,0,0,0,9335015,554321,3199875,27103,0,0,3862,1715641,4559136,8243507,0,7850,0,18254,152838,24525,0,0,569029,8880,12315,0,0,0,0,0,0,0,0,0,0,0,0,0,0,0,0,0,0,0,0,0,0,0,0,0,0,0,28432151,0,28432151,0,0,364682,585107,29017258,29017258,156810,220425
86,Manufacturing,Iron and steel foundries,0,0,0,0,0,842818,204985,0,0,0,0,0,0,0,0,0,0,0,0,6330444,0,2110567,23304,9,90673,24322,259763,1205204,2162937,472286,15239,1188,64680,174878,1714,23018,2089,498571,7536,13137,24978008,5341201,2535204,32381,0,0,0,0,0,0,0,0,0,0,0,0,0,0,0,0,0,0,0,0,0,0,1047803,38459567,7908786,47416156,0,0,509009,7082884,54499040,54499040,8186921,6573875
87,Manufacturing,Non ferrous basic metals (including alloys),0,0,1769,0,0,0,0,0,0,0,0,0,0,0,0,0,0,0,0,0,2414977,5029474,531592,22764,955133,103381,7290678,3662364,8640157,0,580245,40649,415158,702601,19928,205495,124686,571524,21427,94687,0,0,0,0,0,0,0,0,0,0,0,0,0,0,0,0,0,0,0,0,0,0,0,0,0,0,1769,31426920,0,31428689,0,0,402966,3536879,34965568,34965568,4174485,3133913
88,Manufacturing,"Hand tools, hardware",4202,0,196219,51,147468,34009,6060,543857,12637,85162,28877,0,0,0,0,0,6365,106,1179,32066,1221,178018,3941,0,21638,43,252303,205866,483187,0,0,0,20702,11691,10668,624,17,34372,719,10517,935573,0,0,0,0,0,0,0,0,0,0,679598,0,0,0,0,0,0,0,0,0,0,0,0,0,14314,1029665,2239693,693912,3963270,0,0,51262,773763,4737033,4737033,648095,454266
89,Manufacturing,Miscellaneous metal products,0,0,90728,25663,228512,0,4828,783450,7775,45573,499009,0,0,0,22,0,513368,193184,118185,2081358,1573332,1307796,120695,23984,70721,47891,1338740,964631,2474980,3301781,694467,439848,224591,519285,36855,98796,43615,135899,12909,60415,7865261,0,0,922,0,126,205,0,37558,2,1212,53875,636,0,0,0,64125,7492,17707,8283,20043,2464,14578,108912,12997,20425,1186529,24761618,371562,26319709,0,0,673129,2024636,28344345,28344345,2608975,1351507
90,Manufacturing,Tractors and  other agricultural implements,470323,9524,0,0,0,0,0,0,0,0,0,1578,139553,0,0,0,0,0,0,0,0,0,0,0,0,0,0,255759,25571,0,0,0,0,0,0,0,0,0,0,0,0,0,0,0,0,5,0,0,4,0,55,0,61,0,0,0,46,2,0,78,970,24,1895,8015,253,0,479847,422461,11408,913716,5150371,0,109520,6007038,6920754,6920754,140185,747147
91,Manufacturing,Industrial machinery for food and textile industry,0,0,0,0,0,0,0,0,0,0,2990,129,685,162,512,299,10002,18777,0,0,0,0,0,371,0,0,0,0,0,0,0,44,0,0,0,0,0,0,0,220,0,0,0,0,0,0,0,0,0,194,0,0,2496,0,0,0,0,104,0,0,0,0,4970,0,0,0,0,34191,7764,41955,3452478,0,66360,4120737,4162692,4162692,2519429,601899
92,Manufacturing,Industrial machinery (except food and textile),0,92,0,0,358,1453,397,465,41,133,0,0,0,8,0,0,0,93,40,3610,3445,397,196,367,205,71,410,11291,2421,101125,2301,151,181,287,29,93,115,40,16,90,1446,0,0,0,0,18,0,0,0,22,147,0,4,0,0,0,2,0,0,5,75,2,146,200,19,0,2939,128428,640,132007,8202087,0,158789,8528133,8660140,8660140,2731706,167257
93,Manufacturing,Machine tools,0,0,0,0,0,38143,10492,49459,6679,533722,0,0,0,0,0,0,2318,0,8583,215448,27589,180870,15876,6520,2689,13201,192908,1162685,960847,2045438,14880,0,23695,3289,427596,0,3709,4889,962,21565,899353,0,0,0,0,11973,406,0,49,1367,33744,51813,724,0,0,0,1012,39,3944,5125,810,13297,11287,12514,942,0,638495,6234910,149046,7022451,3463908,0,223824,4976641,11999092,11999092,6630550,1288909
94,Manufacturing,Other non electrical machinery,71,0,1243,0,372,213,654,360,267,670,37147,794,5480,1560,14492,5556,43586,14832,6885,56649,42830,27029,18073,3017,5667,5310,78380,185915,301163,170057,50139,32000,16123,35093,1247,7380,3872,7267,960,9013,9522,7221,182,51,226,2068,49,284,3710,117,82384,14934,312,15338,27,0,2153,123,1757,1522,11608,2138,589,10411,2471,9124,3850,1197038,168799,1369687,29571237,0,958401,39823668,41193355,41193355,12965918,7008064
95,Manufacturing,Electrical industrial machinery,0,0,1,0,0,5,4,322,57,0,1029,0,0,56,0,102,25800,1005,2661,2785,2703,1640,80042,2639,28073,7502,51624,34317,21306,881,2466,2930,1309,2486,132,661,685,1738,121,1869,0,1031,60,4,73,684,13,100,32,16,2358,2218,15,0,0,0,2,1,0,31,37,116,37,587,5,0,389,278562,7420,286371,12626151,0,207835,14169992,14456363,14456363,1972563,1336006
96,Manufacturing,"Electrical cables, wires",0,0,0,0,0,0,0,0,0,0,0,0,0,0,0,0,0,0,0,0,3584,21545,53562,2784,106049,59613,286430,52854,413083,0,0,0,0,0,0,0,0,0,5146,4642,3548887,0,0,0,0,0,0,0,0,0,175053,0,0,0,0,0,0,0,0,0,0,0,0,0,0,0,0,4558179,175053,4733232,0,0,68006,903424,5636656,5636656,1684826,835418
97,Manufacturing,Batteries,101,0,0,0,0,0,0,0,0,0,0,0,0,0,0,0,0,0,0,0,0,0,113311,44725,221517,26434,854934,90595,322725,0,0,0,0,0,0,0,0,0,733,4125,207985,0,0,3517,0,1042,12,11,387,0,416307,212335,741,0,0,0,3,26,0,0,1401,43218,0,193894,678,0,101,1887084,873572,2760757,0,0,27246,775616,3536373,3536373,523177,140621
98,Manufacturing,Electrical appliances,2400,0,12001,0,8768,382,3566,322,642,10835,0,0,0,0,0,0,0,0,34088,61653,0,114846,106491,0,0,11984,501874,226689,208886,0,30233,0,0,0,11263,0,0,14879,2358,7154,107599,299651,230622,497,44295,361833,8406,54073,82663,6465,261727,71575,206,228383,5343,0,17876,2957,18517,29090,40161,65525,4266,144174,11723,17522,38916,1439997,2007550,3486463,4780300,0,91465,5960759,9447222,9447222,1456367,293366
99,Manufacturing,Communication equipment,0,0,0,0,6009,0,0,0,0,0,48739,994,6613,3266,9566,5067,162111,58663,12692,153887,226471,23063,131511,214627,65173,10762,40323,62813,152734,50324,81581,91183,83403,107072,45430,48074,61805,19107,6275,19438,0,0,0,110,0,0,0,0,19,0,1251851,0,166,0,0,0,129,12,10118,214,2640,87,5166,111929,695,134690,6009,2002767,1517826,3526602,6450994,0,43963,10105768,13632370,13632370,10929494,620924
100,Manufacturing,Other electrical machinery,0,0,69980,0,0,0,0,0,0,0,9848,334,2249,534,1688,983,32578,9621,3548,25819,20598,6701,104625,644,297057,794,11969,234629,268745,8431,19234,10745,9706,21420,1265,6331,4990,2875,378,700,0,0,0,1477,0,0,0,0,11,0,194915,39253,74,0,0,0,72,0,0,107,1469,39,3849,12412,371,0,69980,1119039,254049,1443068,7520483,0,28234,9402015,10845083,10845083,7083742,1853298
101,Manufacturing,Electronic equipment including T.V,8225,0,4425,0,1612,22,7,59,216,3220,10498,214,1442,702,8077,1068,34936,7710,2980,41620,29810,10149,11922,283748,101300,7332,16164,32885,36506,140973,29097,19485,32860,23061,323,9383,12759,30371,422,5620,2197,3680,14314,105,6816,46584,3258,31303,60135,4322,86670,2825,59,9482,5143,0,12629,1725,784,17755,13464,5664,2972,8475,7800,8186,17786,945614,354150,1317550,4788865,0,62340,6197275,7514825,7514825,2215655,268426
102,Manufacturing,"Medical precision, optical instrument",0,0,0,0,0,0,0,0,0,127,0,0,0,0,0,0,0,1008,0,0,0,4192,0,479,69800,57,10892,10998,21240,0,302,3548,84,80,10,152,8348,179,835,367,0,0,0,0,0,0,0,0,0,0,0,0,0,0,0,0,0,50,0,0,0,0,0,0,0,0,127,132571,50,132748,8489761,0,68847,11068367,11201115,11201115,5172738,1597696
103,Manufacturing,Watches and clocks,0,0,0,0,0,0,0,0,185,0,0,0,0,0,0,0,0,0,0,0,0,0,0,0,0,285163,0,0,0,0,0,0,0,0,0,0,0,0,10,0,0,0,0,0,21547,28729,0,188809,0,1210,96956,9804,0,0,0,0,0,0,0,0,0,0,0,0,0,0,185,285173,347055,632413,21685,0,467,208740,841153,841153,215313,88899
104,Manufacturing,Ships and boats,0,0,0,12147,0,0,0,0,0,0,0,0,0,0,0,0,0,0,0,0,0,0,0,0,0,0,0,0,0,0,0,0,0,0,0,0,0,0,0,0,0,0,0,0,0,0,658088,0,9133,0,0,35729,27,0,0,0,0,0,0,0,0,0,0,0,0,0,12147,0,702977,715124,1655845,0,37721,4151717,4866841,4866841,3565989,1709384
105,Manufacturing,Rail equipment,0,0,0,0,0,0,0,0,0,0,0,0,0,0,0,0,0,0,0,0,0,0,0,0,0,0,0,9786,68521,0,0,0,0,0,0,0,0,0,0,0,0,0,0,0,101570,0,0,0,0,0,0,0,0,0,0,0,0,0,0,0,0,0,0,0,0,0,0,78307,101570,179877,1805988,0,29283,1907716,2087593,2087593,353029,72445
106,Manufacturing,Motor vehicles,11209,0,542,0,109,21,63,271,28,198,9,0,0,0,0,0,0,594,136,0,0,0,948,0,0,0,0,27590,175706,0,725,0,0,0,0,0,0,29,0,69,463,567,588,217,414,2118,24,502,364,822,509,4304,74,589,506,0,587,445,557,555,587,746,443,438,755,305,12441,206269,17016,235726,41435372,0,550200,65402798,65638524,65638524,3245093,6972834
107,Manufacturing,Motor cycles and scooters,0,0,36727,0,0,0,0,0,0,0,0,0,0,0,0,0,0,0,0,0,0,0,0,0,0,0,0,0,2568150,0,0,0,0,0,0,0,0,0,0,4064,33,0,0,0,0,649476,0,0,3549,0,875,841898,4553,0,0,0,5681,142,0,6889,3720,70831,70600,273805,19539,561476,36727,2572247,2513034,5122008,2093318,0,132561,10775601,15897609,15897609,369400,1431601
108,Manufacturing,"Bicycles, cycle-rickshaw",0,0,1539,0,0,0,0,0,0,0,0,0,0,0,0,0,0,0,0,0,0,0,0,0,0,0,0,0,667914,0,0,0,0,0,0,0,0,0,1,0,0,0,0,0,0,14608,0,0,130,0,31,25684,136,0,0,0,222,3,0,248,137,2739,3509,10409,704,119485,1539,667915,178045,847499,1293601,0,41874,3683592,4531091,4531091,149768,150306
109,Manufacturing,Aircrafts & Spacecrafts,3124,0,0,0,0,0,0,0,0,0,0,0,0,0,0,0,0,0,0,0,0,0,0,0,0,0,0,0,90036,0,0,0,0,0,0,0,0,0,0,2119,0,0,0,0,0,0,0,4441,0,0,0,0,0,0,0,0,0,0,0,0,0,0,0,0,0,26871,3124,92155,31312,126591,2081798,0,4972,3610880,3737471,3737471,3258673,1524110
110,Manufacturing,Other transport equipment,154373,0,42818,0,0,0,0,0,0,0,0,0,0,0,0,0,0,0,0,0,0,0,0,0,0,0,0,35345,400348,0,61324,34255,30940,68291,0,20177,15910,0,1005,0,0,0,0,0,0,0,0,0,15956,0,4134,174904,9447,0,0,0,25339,637,30051,30893,20472,73724,45210,22473,87724,0,197191,667595,540964,1405750,1194300,0,20252,1249896,2655646,2655646,46,206
111,Manufacturing,Gems & jewellery,480,0,0,0,0,0,0,0,0,0,0,0,0,0,0,0,0,0,0,0,0,0,0,0,0,0,0,0,0,0,0,0,0,2783,0,0,0,0,14381750,0,0,0,0,0,0,0,0,0,0,0,0,0,0,0,0,0,0,0,0,0,0,0,0,0,0,0,480,14384533,0,14385013,0,20288300,305595,44920528,59305541,59305541,39095999,24326633
112,Manufacturing,Miscellaneous manufacturing,14107,0,828098,0,28324,3849,1280,2311,8348,67962,0,0,0,2262,0,0,5701,53049,13719,74163,519992,474495,5318,4796,31964,10101,93414,495939,249900,103022,9906,575,24665,11191,37007,1140,5385,45801,1094902,40750,2783943,637528,136324,3643,160205,609328,30265,215709,116252,8326,472198,402661,2752,352134,431590,0,27113,3317,33889,39656,205459,394426,31482,1058476,57897,7823,954279,6193100,5438453,12585832,2941194,0,181486,8373040,20958872,20958872,7167302,1640979
113,Manufacturing,Construction and construction services,1972166,12963,102555,0,21254,4196,4247,18239,2522,2705,10858,0,11,4331,816,6732,30977,124013,954,774042,1467295,324169,7573,34596,1656,804,696479,240392,633776,1316851,82080,20952,790466,679262,398,536518,14844,2523,867,3985,0,2836326,270020,122043,579022,345014,15145,188206,333114,6219,1312980,3561248,4939,587345,79813,2396476,250287,46221,21158,748866,1615128,716332,9082,2233027,43571,1383789,2140847,7808220,19705371,29654438,229810244,0,8937762,239346381,269000819,269000819,761172,598375
114,Service Sector,Electricity,5033232,0,207250,0,40196,130432,76206,194726,6424,9192,38119,11,427,16683,593,32856,1454406,126624,10184,1828415,2105276,270135,1134998,8173,9933,2707,1748996,1873867,3798079,819528,211814,40714,484978,357780,20480,378213,109705,15391,39416,19477,3733141,458591,353243,140070,780948,957191,114278,912575,1054735,103090,4822969,3866417,305878,4295809,202658,0,483369,116759,73165,613747,763509,1189151,54829,2316113,473976,794518,5697658,20691119,25247588,51636365,0,0,0,16209293,67845658,67845658,0,222780
115,Service Sector,Gas,0,0,265,0,488,18732,2,0,0,0,294,0,3,1022,10,122,37833,197,21,13446,15850,12772,6121,35,4,4719,8459,8823,13693,31069,11633,1577,10866,34370,100,2244,281,220,117,263,173037,0,0,0,0,668384,97,3817,3257,3,8680,0,1931,0,0,0,8004,2132,0,13379,5346,0,0,0,10776,0,19487,389201,725806,1134494,0,0,0,8196626,9331120,9331120,0,0
116,Service Sector,Water Supply,11957,0,58305,1902,49993,2569,854,850,3421,20448,18,0,0,319,144,8,1570,448,10,6316,0,4626,0,0,0,0,49,0,0,0,538,0,0,4444,0,3,0,0,0,0,661330,1857852,205346,33763,235190,926767,43095,408331,488693,33411,61884,364090,52127,823321,25321,0,147715,29024,0,167675,251980,349218,21578,641987,127811,970430,150299,679823,8266609,9096731,0,0,0,1825156,10921887,10921887,0,0
117,Service Sector,Trade,0,0,0,0,0,0,0,0,0,0,0,0,0,0,0,0,0,0,0,0,0,0,0,0,0,0,0,0,0,0,0,0,0,0,0,0,0,0,0,0,0,0,0,0,0,0,0,0,0,0,0,0,0,0,0,0,0,0,0,0,0,0,0,0,0,0,0,0,0,0,0,0,0,0,0,0,0,0
118,Service Sector,Repair & Maintenance of Motor Vehicle,6007,0,13556,0,299115,313678,1654,6669,106759,74213,6144,180,3125,40822,1818,9086,170629,199194,3315,48842,153042,19212,51525,14773,4550,16913,116305,305881,1115,3188882,102440,4072,4010,13652,4398,22532,136394,47574,9014,71290,0,0,0,0,0,1405992,552,0,69837,112,12159,1537845,21180,137718,5430,13156,239479,43415,29231,2298,272240,18401,52059,91157,28731,0,821651,4770729,3980992,9573372,0,0,0,3444415,13017787,13017787,0,0
119,Service Sector,Hotels & Restaurant,7702,0,74003,0,515,140,46,6013,1717,31,0,0,0,0,0,0,0,0,0,0,0,0,0,0,0,0,0,89,0,0,0,4,0,0,0,0,375,0,0,0,2334349,722226,89961,43533,102083,1070447,20573,115447,202380,15207,568409,3091717,3387,3010038,55611,0,89800,11030,282393,281409,120690,226082,6503,289861,39367,398908,90167,2334817,10857062,13282046,0,0,0,24077708,37359754,37359754,0,0
120,Service Sector,Railway Transport,0,0,0,0,10720,17589,0,1129,3390,1871,2472,0,16,967,11,9395,6958,5568,940,3076,2157,3644,4758,0,582,168,2964,23723,3622,127600,2224,931,4236,4167,1173,13460,878,2214,23,668,30253,116023,9768,1267,1373,4618,767,24987,10638,51,7408,50332,75,0,35982,0,45940,0,16427,95668,61654,25425,0,73149,22841,28238,34699,258848,632631,926178,0,0,0,4349620,5275798,5275798,0,0
121,Service Sector,Land transport,0,0,597840,636,1361,9074,0,17264,57903,92417,7838,0,36,2268,32,16629,91975,18087,2349,157497,5944,42456,21120,0,1277,367,16413,14702,13378,811112,27134,2367,9737,85030,12689,6106,3371,10250,78,1608,725571,60,6,118114,12,178,5,99,81934,1,103727,1698939,1399,20287,12847,0,12734,1439,31129,74712,10585,88910,13595,81374,91975,186071,776495,2107421,2630132,5514048,0,0,0,37794325,43308373,43308373,0,0
122,Service Sector,Air transport,0,0,0,0,103,0,0,2502,671,11,0,0,0,0,0,0,180,0,0,0,0,0,0,0,0,0,0,0,0,0,0,0,0,0,0,0,0,0,0,0,459339,7112,975,114839,1480,19960,639,11924,174643,156,76383,489383,779,824145,625377,0,782648,70676,274213,0,278730,34611,22,146169,34093,1345662,3287,459519,5314619,5777425,0,0,0,3596011,9373436,9373436,1623564,2602556
123,Service Sector,Water Transport,0,0,0,0,0,0,0,0,0,0,0,0,0,0,0,0,0,0,0,0,0,0,0,0,0,0,0,0,0,0,0,0,0,0,0,0,0,0,0,0,18106,5,0,0,1,17,0,8,196,0,98,4802,0,0,0,0,865,97,808,0,719,284,0,834,274,4862,0,18106,13870,31976,0,0,0,4953260,4985236,4985236,4474023,4510349
124,Service Sector,Supportive and Auxiliary transport activities,0,0,0,0,208558,0,0,16390,527,0,0,0,0,0,0,0,0,0,0,154253,0,0,0,0,0,0,0,0,0,0,0,578,0,0,0,0,0,0,0,0,210186,0,0,0,101,28196,1682,0,120104,131,34951,1013193,7080,503250,23326,0,45345,425,65853,38214,69865,12401,69568,353583,89093,0,225475,365017,2476361,3066853,0,0,0,1791,3068644,3068644,0,0
125,Service Sector,Storage and warehousing,0,0,25,0,0,0,0,0,0,0,0,0,0,0,0,0,0,0,0,0,0,536,0,0,0,0,0,0,0,0,0,0,0,0,0,0,0,0,0,0,443627,0,0,0,0,0,0,0,0,0,0,529375,581,0,0,0,0,0,5790,0,0,15361,4947,33131,0,134438,25,444163,723623,1167811,0,0,0,0,1167811,1167811,0,0
126,Service Sector,Communication services,15281,0,112409,0,2488,178,187,2529,740,321,13235,0,7,734,7,3890,50271,8792,1276,5639,1115,27253,10955,0,339,323,4791,17228,18969,19702,1956,2921,50194,35270,5141,4039,2842,6179,36,1962,3073562,2873728,368855,320911,392290,5968169,75598,520027,1994232,46540,6179338,1087764,28592,1259548,411529,0,360741,32760,443391,1406776,2100143,484561,51316,374168,344092,0,134133,3368628,27125069,30627830,0,0,0,26911181,57539011,57539011,1573201,1322945
127,Service Sector,Financial services,4765800,59578,31924,1306,44709,70488,23708,13751,6680,54177,124181,6969,45490,1311718,74541,146734,1344900,428752,128961,377866,311000,398216,104449,33208,59835,49816,339166,529220,946025,1441735,516697,397714,449553,406220,116807,168985,139164,153559,25037,38960,4536421,2012986,83927,546735,42218,1640931,15948,422312,799211,16636,2193806,7749180,155094,0,2428200,541768,3379714,607997,514014,5244258,5799302,153541,89825,370941,1621199,0,5072121,15151899,36429743,56653763,0,0,0,30795490,87449253,87449253,6068352,4450101
128,Service Sector,Insurance services,0,0,1058,1686,281,24354,220,14602,626,1366,1291,0,13,945,35,3730,24867,5884,499,6023,1271,7363,4388,21,1264,110,3161,9706,4719,45666,4426,2960,2809,11023,2257,1400,844,1361,61,653,86950,36089,4421,17586,5046,39874,1438,8631,18458,777,29820,671388,736,1340938,13437,0,49570,10568,7742,129090,991374,834051,8564,53174,87910,0,44193,235700,4360682,4640575,0,0,0,15133470,19774045,19774045,569779,1967893
129,Service Sector,Ownership of dwellings,0,0,0,0,0,0,0,0,0,0,0,0,0,0,0,0,0,0,0,0,0,0,0,0,0,0,0,0,0,0,0,0,0,0,0,0,0,0,0,0,0,0,0,0,0,0,0,0,0,0,0,0,0,0,0,0,0,0,0,0,0,0,0,0,0,0,0,0,0,0,0,0,0,86550702,86550702,86550702,0,0
130,Service Sector,Real estate services,930,0,0,0,0,394009,39213,0,0,0,0,0,0,0,0,0,0,0,0,0,0,0,0,0,0,0,0,0,0,0,0,0,0,0,0,0,0,0,0,0,15333709,0,0,0,24666,4764583,4949,0,0,3552,1776575,876776,0,0,0,0,0,0,8824,0,0,195727,11797,40245,0,0,434152,15333709,7707694,23475555,0,0,0,0,23475555,23475555,0,0
131,Service Sector,Renting of machinery & equipment,186,0,0,0,3677,266892,397,4579,281,3293,805,0,3,4278,19,122,13172,8038,1770,74184,10034,6491,5941,726,541,149,7237,7531,9747,7288,5871,1344,133260,4141,305,5188,4397,231,49,8649,96441,0,0,768,4050,36931,7905,26705,0,66,48857,109607,234,0,0,0,0,0,0,144286,690,911212,6100,36788,33029,0,279305,417952,1367228,2064485,0,0,0,0,2064485,2064485,0,0
132,Service Sector,Research & Development Services,0,0,0,0,0,0,0,0,0,0,0,0,0,0,0,0,0,0,0,0,0,0,0,0,0,0,0,0,0,0,0,0,0,0,0,0,0,0,0,0,0,0,0,0,0,0,0,0,0,0,0,0,0,0,0,0,0,0,0,0,0,0,0,0,0,0,0,0,0,0,4593714,0,0,8667385,8667385,8667385,171740,4073671
133,Service Sector,Legal services,0,0,106831,0,20230,5351,0,2037,6459,6398,0,0,0,0,0,0,0,0,0,0,0,0,0,0,0,0,0,0,343,0,0,0,0,0,0,0,0,0,0,0,533123,303978,0,27623,13764,34537,7590,120970,12490,5,15956,493932,1681,1033440,81604,0,138831,34416,113158,135260,165593,105732,6838,59912,34376,41856,147306,533466,2983542,3664314,0,0,0,3864748,7529062,7529062,0,0
134,Service Sector,Other Business services,20968,0,233760,0,1247108,536244,249,4834,46597,945136,140652,9,24572,13705,197,23050,290565,55916,3300,1321870,308516,348380,215462,815041,1490268,147286,844102,2659606,1632006,926052,102493,10398,642670,55935,70858,41064,63778,6367,6333,7935,1753272,4109610,588982,371726,817231,1987861,151048,1126962,1035715,135547,3292751,2309775,248151,2630808,333867,0,3583032,209781,231725,12211419,5509393,611294,81050,1264592,3085989,1113666,3034896,14021658,47041976,64098530,0,0,0,22725670,86824200,86824200,32391682,16521529
135,Service Sector,Computer related services,23,0,0,0,0,0,0,0,0,5,0,0,0,0,0,0,0,0,0,0,0,0,0,0,0,0,0,0,0,0,0,0,0,0,0,0,0,0,0,0,116127,11468,1173,10,5,78,0,4813,6383,212,15287,9401,1259,18941,2288,0,1449,8514,14243,17554,105301,162017,91,12631,14875,7126,28,116127,415119,531274,9434482,0,0,74640410,75171684,75171684,953960,65205928
136,Service Sector,Public administration and defence,0,0,0,0,0,0,0,0,0,0,0,0,0,0,0,0,0,0,0,0,0,0,0,0,0,0,0,0,0,0,0,0,0,0,0,0,0,0,0,0,0,0,0,0,0,0,0,0,0,0,0,0,0,0,0,0,0,0,0,0,0,0,0,0,0,0,0,0,0,0,0,0,0,98330800,98330800,98330800,0,0
137,Service Sector,Education services,2519,0,57380,0,2439,325,109,921,352,5240,0,0,0,0,0,0,0,0,0,0,0,0,0,0,0,0,0,0,0,0,0,0,0,0,0,0,0,0,0,0,28542,34245,6809,211,16679,16356,29085,182342,119938,38615,130538,471724,511,218442,571609,0,708649,16156,49381,177162,395726,56889,16519,67787,34201,0,69285,28542,3359574,3457401,0,0,0,56790801,60248202,60248202,0,0
138,Service Sector,Human health and social care services,0,0,72,0,938,732,0,0,0,0,0,0,0,0,0,0,0,0,0,0,0,0,0,0,0,0,0,0,0,0,0,0,0,0,0,0,0,0,0,0,4277,0,0,0,0,0,0,0,0,0,0,0,0,0,66569,0,0,34200,0,0,0,0,0,0,1958,0,1742,4277,102727,108746,0,0,0,31303303,31412049,31412049,0,0
139,Service Sector,"Community, social and personal services",24,0,1274,0,81128,5,0,15,19501,869,0,0,0,0,0,0,0,0,0,0,0,0,0,0,0,0,0,7834,0,0,0,0,0,0,0,0,0,0,0,0,19858,13499,7646,546,3898,1873,1793,11020,2041,894,4312,2435,1773,9536,770,0,6988,389,3525,2202,11166,7627,368,12818,10526,0,102816,27692,117645,248153,0,0,0,43138840,43386993,43386993,0,0
140,Service Sector,"Recreation, entertainment and radio & TV broadcasting  and other services",13497,0,5597,60,1957,197,65,1042,922,5201,0,0,0,0,0,0,36,0,0,0,0,0,0,0,0,0,0,12,0,0,61,0,0,0,0,0,33,0,0,0,42522,14973,27102,227,52259,18509,3800,4457,11808,4221,12941,29555,4936,8523,19177,0,220547,29820,33594,17435,71778,6650,6046,124624,242240,247,28538,42664,965469,1036671,0,0,0,16970244,18006915,18006915,206857,291249
