﻿S.No.,Sector,Product,Agriculture,Livestock,Forestry and Logging,Fishing & Aquaculture,Coal & Lignite,Crude Petroleum,Natural Gas,Iron Ore,Non ferrous metal ores,Other Mining,TOTAL_PRIMARY,"Production, processing and preservation of meat, fish, fruit, vegetables, oils and fats",Manufacture of dairy products,"Manufacture of grain mill products, etc. and animal feeds",Manufacture of other food products,Manufacture of beverages,Manufacture of tobacco products,Manufacture of textiles + cotton ginning,"Manufacture of wearing apparel, except custom tailoring",Manufacture of leather and related products,Manufacture of Basic Iron and Steel + Casting of iron and steel,Manufacture of basic precious and non-ferrous metals + Casting of non-ferrous metals,"Manufacture of fabricated metal products, except machinery and equipments","Manufacture of electronic component, consumer electronics, magnetic and optical media",Manufacture of computer and peripheral equipment,Manufacture of communication equipments,Manufacture of optical and electronics products n.e.c.,Manufacture of Electrical equipments,Manufacture of machinery and equipments n.e.c.,Manufacture of Transport,Manufacture of coke and refined petroleum products," Manufacture of chemical and chemical products except pharmaceuticals, medicinal and botanical products",Manufacture of pharmaceutical; medicinal chemicals and botanical products,Manufacture of rubber & plastic products,Manufacture of other non-metallic mineral products,"Manufacture of wood and of products of wood and cork, except furniture; manufacture of articles of straw and plaiting material",Manufacture of paper and paper products,Printing and reproduction of recorded media except publishing,Manufacture of furniture,Other Manufacturing,Repair and installation of machinery and equipments,Construction,TOTAL_SECONDARY,Electricity,Gas,Water supply,Railway Transport,Land Transport,Water Transport,Air Transport,Supportive & Auxiliary transport activities,Storage & warehousing,Communication,Trade,Hotels & Restaurant,Financial Services,Insurance Services,Ownership of dwellings,Education & Research,Medical and Health,Legal Services,Computer related services,Other Business services,Real estate activities,Renting of machinery and equipment,"Community, Social & personal services",Other services,Public administration. & defence,TOTAL_TERTIARY,OVERALL,Supply at BP,Product taxes less Subsidies,OUTPUT at Producer price,IMPORT,CIF Adj,Imports after cif adj,Import Duty,Final Import,OP at Producer Price + Import,Trade and Transport Margins,OP at PP
1,Agriculture,Paddy,22807927,0,0,0,0,0,0,0,0,0,22807927,0,0,0,0,0,0,0,0,0,0,0,0,0,0,0,0,0,0,0,0,0,0,0,0,0,0,0,0,0,0,0,0,0,0,0,0,0,0,0,0,0,0,0,0,0,0,0,0,0,0,0,0,0,0,0,0,0,0,22807927,22807927,-185224,22622703,0,0,0,0,0,22622703,3384995,26007698
2,Agriculture,Wheat,14593870,0,0,0,0,0,0,0,0,0,14593870,0,0,0,0,0,0,0,0,0,0,0,0,0,0,0,0,0,0,0,0,0,0,0,0,0,0,0,0,0,0,0,0,0,0,0,0,0,0,0,0,0,0,0,0,0,0,0,0,0,0,0,0,0,0,0,0,0,0,14593870,14593870,-105434,14488436,87258,0,87258,21057,108315,14596751,2253659,16850410
3,Agriculture,Coarse cereals,5776311,0,0,0,0,0,0,0,0,0,5776311,0,0,0,0,0,0,0,0,0,0,0,0,0,0,0,0,0,0,0,0,0,0,0,0,0,0,0,0,0,0,0,0,0,0,0,0,0,0,0,0,0,0,0,0,0,0,0,0,0,0,0,0,0,0,0,0,0,0,5776311,5776311,-47695,5728616,34395,0,34395,1659,36054,5764670,1471528,7236198
4,Agriculture,Gram ,3365276,0,0,0,0,0,0,0,0,0,3365276,0,0,0,0,0,0,0,0,0,0,0,0,0,0,0,0,0,0,0,0,0,0,0,0,0,0,0,0,0,0,0,0,0,0,0,0,0,0,0,0,0,0,0,0,0,0,0,0,0,0,0,0,0,0,0,0,0,0,3365276,3365276,-19970,3345306,0,0,0,0,0,3345306,363119,3708425
5,Agriculture,Arhar,1981350,0,0,0,0,0,0,0,0,0,1981350,0,0,0,0,0,0,0,0,0,0,0,0,0,0,0,0,0,0,0,0,0,0,0,0,0,0,0,0,0,0,0,0,0,0,0,0,0,0,0,0,0,0,0,0,0,0,0,0,0,0,0,0,0,0,0,0,0,0,1981350,1981350,-12020,1969330,0,0,0,0,0,1969330,370441,2339771
6,Agriculture,Other pulses,4140274,0,0,0,0,0,0,0,0,0,4140274,0,0,0,0,0,0,0,0,0,0,0,0,0,0,0,0,0,0,0,0,0,0,0,0,0,0,0,0,0,0,0,0,0,0,0,0,0,0,0,0,0,0,0,0,0,0,0,0,0,0,0,0,0,0,0,0,0,0,4140274,4140274,-27643,4112631,0,0,0,0,0,4112631,774083,4886714
7,Agriculture,Groundnut,3028119,0,0,0,0,0,0,0,0,0,3028119,0,0,0,0,0,0,0,0,0,0,0,0,0,0,0,0,0,0,0,0,0,0,0,0,0,0,0,0,0,0,0,0,0,0,0,0,0,0,0,0,0,0,0,0,0,0,0,0,0,0,0,0,0,0,0,0,0,0,3028119,3028119,-24212,3003907,0,0,0,0,0,3003907,301465,3305372
8,Agriculture,Rapeseed and mustard,2605567,0,0,0,0,0,0,0,0,0,2605567,0,0,0,0,0,0,0,0,0,0,0,0,0,0,0,0,0,0,0,0,0,0,0,0,0,0,0,0,0,0,0,0,0,0,0,0,0,0,0,0,0,0,0,0,0,0,0,0,0,0,0,0,0,0,0,0,0,0,2605567,2605567,120452,2726019,818,0,818,131,949,2726968,528468,3255436
9,Agriculture,Other oil seeds,4687732,0,0,0,0,0,0,0,0,0,4687732,0,0,0,0,0,0,0,0,0,0,0,0,0,0,0,0,0,0,0,0,0,0,0,0,0,0,0,0,0,0,0,0,0,0,0,0,0,0,0,0,0,0,0,0,0,0,0,0,0,0,0,0,0,0,0,0,0,0,4687732,4687732,373633,5061365,27251,0,27251,4384,31635,5093000,950778,6043778
10,Agriculture,kapas,6232794,0,0,0,0,0,0,0,0,0,6232794,0,0,0,0,0,0,0,0,0,0,0,0,0,0,0,0,0,0,0,0,0,0,0,0,0,0,0,0,0,0,0,0,0,0,0,0,0,0,0,0,0,0,0,0,0,0,0,0,0,0,0,0,0,0,0,0,0,0,6232794,6232794,-57819,6174975,0,0,0,0,0,6174975,2083611,8258586
11,Agriculture,"jute, hemp and mesta",665432,0,0,0,0,0,0,0,0,0,665432,0,0,0,0,0,0,0,0,0,0,0,0,0,0,0,0,0,0,0,0,0,0,0,0,0,0,0,0,0,0,0,0,0,0,0,0,0,0,0,0,0,0,0,0,0,0,0,0,0,0,0,0,0,0,0,0,0,0,665432,665432,-4314,661118,52418,0,52418,0,52418,713536,400034,1113570
12,Agriculture,Sugarcane,7487877,0,0,0,0,0,0,0,0,0,7487877,0,0,0,0,0,0,0,0,0,0,0,0,0,0,0,0,0,0,0,0,0,0,0,0,0,0,0,0,0,0,0,0,0,0,0,0,0,0,0,0,0,0,0,0,0,0,0,0,0,0,0,0,0,0,0,0,0,0,7487877,7487877,-64100,7423777,0,0,0,0,0,7423777,2841721,10265498
13,Agriculture,Coconut,2028688,0,0,0,0,0,0,0,0,0,2028688,0,0,0,0,0,0,0,0,0,0,0,0,0,0,0,0,0,0,0,0,0,0,0,0,0,0,0,0,0,0,0,0,0,0,0,0,0,0,0,0,0,0,0,0,0,0,0,0,0,0,0,0,0,0,0,0,0,0,2028688,2028688,-17529,2011159,206,0,206,49,255,2011414,262588,2274002
14,Agriculture,Tobacco,1073263,0,0,0,0,0,0,0,0,0,1073263,0,0,0,0,0,0,0,0,0,0,0,0,0,0,0,0,0,0,0,0,0,0,0,0,0,0,0,0,0,0,0,0,0,0,0,0,0,0,0,0,0,0,0,0,0,0,0,0,0,0,0,0,0,0,0,0,0,0,1073263,1073263,-9404,1063859,0,0,0,0,0,1063859,314120,1377979
15,Agriculture,Tea ,1158539,0,0,0,0,0,0,0,0,0,1158539,0,0,0,0,0,0,0,0,0,0,0,0,0,0,0,0,0,0,0,0,0,0,0,0,0,0,0,0,0,0,0,0,0,0,0,0,0,0,0,0,0,0,0,0,0,0,0,0,0,0,0,0,0,0,0,0,0,0,1158539,1158539,-8173,1150366,0,0,0,0,0,1150366,297561,1447927
16,Agriculture,Coffee ,810749,0,0,0,0,0,0,0,0,0,810749,0,0,0,0,0,0,0,0,0,0,0,0,0,0,0,0,0,0,0,0,0,0,0,0,0,0,0,0,0,0,0,0,0,0,0,0,0,0,0,0,0,0,0,0,0,0,0,0,0,0,0,0,0,0,0,0,0,0,810749,810749,-7025,803724,32394,0,32394,26058,58452,862176,168839,1031015
17,Agriculture,Rubber,548260,0,0,0,0,0,0,0,0,0,548260,0,0,0,0,0,0,0,0,0,0,0,0,0,0,0,0,0,0,0,0,0,0,0,0,0,0,0,0,0,0,0,0,0,0,0,0,0,0,0,0,0,0,0,0,0,0,0,0,0,0,0,0,0,0,0,0,0,0,548260,548260,-5982,542278,0,0,0,0,0,542278,203704,745982
18,Agriculture,Fruits,19386396,0,0,0,0,0,0,0,0,0,19386396,0,0,0,0,0,0,0,0,0,0,0,0,0,0,0,0,0,0,0,0,0,0,0,0,0,0,0,0,0,0,0,0,0,0,0,0,0,0,0,0,0,0,0,0,0,0,0,0,0,0,0,0,0,0,0,0,0,0,19386396,19386396,6639,19393035,253119,0,253119,40722,293841,19686876,7743826,27430702
19,Agriculture,Vegetables,24984660,0,0,0,0,0,0,0,0,0,24984660,0,0,0,0,0,0,0,0,0,0,0,0,0,0,0,0,0,0,0,0,0,0,0,0,0,0,0,0,0,0,0,0,0,0,0,0,0,0,0,0,0,0,0,0,0,0,0,0,0,0,0,0,0,0,0,0,0,0,24984660,24984660,-200341,24784319,159215,0,159215,25615,184830,24969149,9707183,34676332
20,Agriculture,Other food crops,36589216,0,0,0,0,0,0,0,0,0,36589216,0,0,0,0,0,0,0,0,0,0,0,0,0,0,0,0,0,0,0,0,0,0,0,0,0,0,0,0,0,0,0,0,0,0,0,0,0,0,0,0,0,0,0,0,0,0,0,0,0,0,0,0,0,0,0,0,0,0,36589216,36589216,-150860,36438356,462479,0,462479,18600,481079,36919435,19817186,56736621
21,Agriculture,Milk,0,56077700,0,0,0,0,0,0,0,0,56077700,0,0,0,0,0,0,0,0,0,0,0,0,0,0,0,0,0,0,0,0,0,0,0,0,0,0,0,0,0,0,0,0,0,0,0,0,0,0,0,0,0,0,0,0,0,0,0,0,0,0,0,0,0,0,0,0,0,0,56077700,56077700,-405221,55672479,0,0,0,0,0,55672479,13077868,68750347
22,Agriculture,Wool,0,54200,0,0,0,0,0,0,0,0,54200,0,0,0,0,0,0,0,0,0,0,0,0,0,0,0,0,0,0,0,0,0,0,0,0,0,0,0,0,0,0,0,0,0,0,0,0,0,0,0,0,0,0,0,0,0,0,0,0,0,0,0,0,0,0,0,0,0,0,54200,54200,-473,53727,0,0,0,0,0,53727,10024,63751
23,Agriculture,Egg and poultry,0,10343800,0,0,0,0,0,0,0,0,10343800,0,0,0,0,0,0,0,0,0,0,0,0,0,0,0,0,0,0,0,0,0,0,0,0,0,0,0,0,0,0,0,0,0,0,0,0,0,0,0,0,0,0,0,0,0,0,0,0,0,0,0,0,0,0,0,0,0,0,10343800,10343800,-73302,10270498,806,0,806,193,999,10271497,2578785,12850282
24,Agriculture,Other livestock products,0,17040000,0,0,0,0,0,0,0,0,17040000,0,0,0,0,0,0,0,0,0,0,0,0,0,0,0,0,0,0,0,0,0,0,0,0,0,0,0,0,0,0,0,0,0,0,0,0,0,0,0,0,0,0,0,0,0,0,0,0,0,0,0,0,0,0,0,0,0,0,17040000,17040000,46277,17086277,369367,0,369367,29712,399079,17485356,3185947,20671303
25,Agriculture,Industry Wood,0,0,11725700,0,0,0,0,0,0,0,11725700,0,0,0,0,0,0,0,0,0,0,0,0,0,0,0,0,0,0,0,0,0,0,0,0,0,0,0,0,0,0,0,0,0,0,0,0,0,0,0,0,0,0,0,0,0,0,0,0,0,0,0,0,0,0,0,0,0,0,11725700,11725700,548150,12273850,0,0,0,0,0,12273850,3293029,15566879
26,Agriculture,Firewood,0,0,6176200,0,0,0,0,0,0,0,6176200,0,0,0,0,0,0,0,0,0,0,0,0,0,0,0,0,0,0,0,0,0,0,0,0,0,0,0,0,0,0,0,0,0,0,0,0,0,0,0,0,0,0,0,0,0,0,0,0,0,0,0,0,0,0,0,0,0,0,6176200,6176200,-48562,6127638,61,0,61,0,61,6127699,1687106,7814805
27,Agriculture,Other forestry products,0,0,3882000,0,0,0,0,0,0,0,3882000,0,0,0,0,0,0,0,0,0,0,0,0,0,0,0,0,0,0,0,0,0,0,0,0,0,0,0,0,0,0,0,0,0,0,0,0,0,0,0,0,0,0,0,0,0,0,0,0,0,0,0,0,0,0,0,0,0,0,3882000,3882000,-27996,3854004,2625866,0,2625866,316848,2942714,6796718,1090215,7886933
28,Agriculture,Inland Fish,0,0,0,8532300,0,0,0,0,0,0,8532300,0,0,0,0,0,0,0,0,0,0,0,0,0,0,0,0,0,0,0,0,0,0,0,0,0,0,0,0,0,0,0,0,0,0,0,0,0,0,0,0,0,0,0,0,0,0,0,0,0,0,0,0,0,0,0,0,0,0,8532300,8532300,-64806,8467494,16225,0,16225,3915,20140,8487634,3792896,12280530
29,Agriculture,[,0,0,0,6841400,0,0,0,0,0,0,6841400,0,0,0,0,0,0,0,0,0,0,0,0,0,0,0,0,0,0,0,0,0,0,0,0,0,0,0,0,0,0,0,0,0,0,0,0,0,0,0,0,0,0,0,0,0,0,0,0,0,0,0,0,0,0,0,0,0,0,6841400,6841400,-46459,6794941,22084,0,22084,5329,27413,6822354,2755987,9578341
30,Mining,Coal and Lignite,0,0,0,0,11194900,0,0,0,0,0,11194900,0,0,0,0,0,0,0,0,0,0,0,0,0,0,0,0,0,0,0,0,0,0,0,0,0,0,0,0,0,0,0,0,0,0,0,0,0,0,0,0,0,0,0,0,0,0,0,0,0,0,0,0,0,0,0,0,0,0,11194900,11194900,21069,11215969,8938489,0,8938489,719034,9657523,20873492,8260910,29134402
31,Mining,Natural Gas,0,0,0,0,0,0,5070230,0,0,0,5070230,0,0,0,0,0,0,0,0,0,0,0,0,0,0,0,0,0,0,0,0,0,0,0,0,0,0,0,0,0,0,0,0,0,0,0,0,0,0,0,0,0,0,0,0,0,0,0,0,0,0,0,0,0,0,0,0,0,0,5070230,5070230,207974,5278204,0,0,0,0,0,5278204,1326656,6604860
32,Mining,Crude petroleum,0,0,0,0,0,14598569,0,0,0,0,14598569,0,0,0,0,0,0,0,0,0,0,0,0,0,0,0,0,0,0,0,0,0,0,0,0,0,0,0,0,0,0,0,0,0,0,0,0,0,0,0,0,0,0,0,0,0,0,0,0,0,0,0,0,0,0,0,0,0,0,14598569,14598569,1995984,16594553,42939993,0,42939993,1727101,44667094,61261647,709524,61971171
33,Mining,Iron ore,0,0,0,0,0,0,0,5922300,0,0,5922300,0,0,0,0,0,0,0,0,0,0,0,0,0,0,0,0,0,0,0,0,0,0,0,0,0,0,0,0,0,0,0,0,0,0,0,0,0,0,0,0,0,0,0,0,0,0,0,0,0,0,0,0,0,0,0,0,0,0,5922300,5922300,148548,6070848,317787,0,317787,12781,330568,6401416,4798659,11200075
34,Mining,Manganese ore,0,0,0,0,0,0,0,0,226700,0,226700,0,0,0,0,0,0,0,0,0,0,0,0,0,0,0,0,0,0,0,0,0,0,0,0,0,0,0,0,0,0,0,0,0,0,0,0,0,0,0,0,0,0,0,0,0,0,0,0,0,0,0,0,0,0,0,0,0,0,226700,226700,-3142,223558,206705,0,206705,8313,215018,438576,114094,552670
35,Mining,Bauxite,0,0,0,0,0,0,0,0,409600,0,409600,0,0,0,0,0,0,0,0,0,0,0,0,0,0,0,0,0,0,0,0,0,0,0,0,0,0,0,0,0,0,0,0,0,0,0,0,0,0,0,0,0,0,0,0,0,0,0,0,0,0,0,0,0,0,0,0,0,0,409600,409600,13977,423577,59866,0,59866,2407,62273,485850,255147,740997
36,Mining,Copper ore,0,0,0,0,0,0,0,0,173700,0,173700,0,0,0,0,0,0,0,0,0,0,0,0,0,0,0,0,0,0,0,0,0,0,0,0,0,0,0,0,0,0,0,0,0,0,0,0,0,0,0,0,0,0,0,0,0,0,0,0,0,0,0,0,0,0,0,0,0,0,173700,173700,2113,175813,2631343,0,2631343,105835,2737178,2912991,154008,3066999
37,Mining,Other Metallic minerals,0,0,0,0,0,0,0,0,2188500,0,2188500,0,0,0,0,0,0,0,0,0,0,0,0,0,0,0,0,0,0,0,0,0,0,0,0,0,0,0,0,0,0,0,0,0,0,0,0,0,0,0,0,0,0,0,0,0,0,0,0,0,0,0,0,0,0,0,0,0,0,2188500,2188500,-7774,2180726,344954,0,344954,13873,358827,2539553,780906,3320459
38,Mining,Limestone,0,0,0,0,0,0,0,0,0,1822101,1822101,0,0,0,0,0,0,0,0,0,0,0,0,0,0,0,0,0,0,0,0,0,0,0,0,0,0,0,0,0,0,0,0,0,0,0,0,0,0,0,0,0,0,0,0,0,0,0,0,0,0,0,0,0,0,0,0,0,0,1822101,1822101,-13336,1808765,237727,0,237727,9561,247288,2056053,1293350,3349403
39,Mining,Mica,0,0,0,0,0,0,0,0,0,230,230,0,0,0,0,0,0,0,0,0,0,0,0,0,0,0,0,0,0,0,0,0,0,0,0,0,0,0,0,0,0,0,0,0,0,0,0,0,0,0,0,0,0,0,0,0,0,0,0,0,0,0,0,0,0,0,0,0,0,230,230,-2,228,0,0,0,0,0,228,90,318
40,Mining,Other non metallic minerals,0,0,0,0,0,0,0,0,0,8794569,8794569,0,0,0,0,0,0,0,0,0,0,0,0,0,0,0,0,0,0,0,0,0,0,0,0,0,0,0,0,0,0,0,0,0,0,0,0,0,0,0,0,0,0,0,0,0,0,0,0,0,0,0,0,0,0,0,0,0,0,8794569,8794569,-1371,8793198,1042061,0,1042061,41912,1083973,9877171,5883104,15760275
41,Manufacturing,Processed poultry meat & poultry meat products,0,0,0,0,0,0,0,0,0,0,0,4872250,711,3160,10356,0,0,0,0,0,0,0,0,0,0,0,0,0,0,0,0,0,0,0,0,0,0,0,0,0,0,0,4886477,0,0,0,0,0,0,0,0,0,0,0,0,0,0,0,0,0,0,0,0,0,0,0,0,0,0,4886477,4886477,233642,5120119,14875,0,14875,3589,18464,5138583,819585,5958168
42,Manufacturing,Processed other meat & meat products,0,0,0,0,0,0,0,0,0,0,0,82616,0,0,20450,0,0,0,0,0,0,0,0,0,0,0,0,0,0,0,0,0,0,0,0,0,0,0,0,0,0,0,103066,0,0,0,0,0,0,0,0,0,0,0,0,0,0,0,0,0,0,0,0,0,0,0,0,0,0,103066,103066,1393,104459,244,0,244,58,302,104761,59640,164401
43,Manufacturing,Processed fish & fish products,0,0,0,0,0,0,0,0,0,0,0,1948416,0,1051,103,0,0,0,0,0,0,0,0,0,0,0,0,0,0,0,0,0,0,0,0,0,0,0,0,0,0,0,1949570,0,0,0,0,0,0,0,0,0,0,0,0,0,0,0,0,0,0,0,0,0,0,0,0,0,0,1949570,1949570,115652,2065222,25505,0,25505,6154,31659,2096881,851165,2948046
44,Manufacturing,Processed fruits & Processed Vegetables,0,0,0,0,0,0,0,0,0,0,0,1048665,1620,297,237936,3769,0,0,0,0,0,0,0,0,0,0,0,0,0,0,0,0,0,0,0,0,0,0,0,0,0,0,1292287,0,0,0,0,0,0,0,0,0,0,0,0,0,0,0,0,0,0,0,0,0,0,0,0,0,0,1292287,1292287,41528,1333815,583483,0,583483,93873,677356,2011171,469340,2480511
45,Manufacturing,Dairy products,0,0,0,0,0,0,0,0,0,0,0,629879,13731739,1516,185578,128600,0,0,0,0,0,0,0,0,0,0,0,0,0,0,0,0,0,0,0,0,0,0,0,0,0,0,14677312,0,0,0,0,0,0,0,0,0,0,0,0,0,0,0,0,0,0,0,0,0,0,0,0,0,0,14677312,14677312,270778,14948090,34777,0,34777,12588,47365,14995455,1472342,16467797
46,Manufacturing,Edible Oils and Fats ,0,0,0,0,0,0,0,0,0,0,0,7944884,0,220048,221318,0,0,0,0,0,0,0,0,0,0,0,0,0,0,0,0,0,0,0,0,0,0,0,0,0,0,0,8386250,0,0,0,0,0,0,0,0,0,0,0,0,0,0,0,0,0,0,0,0,0,0,0,0,0,0,8386250,8386250,503386,8889636,6882197,0,6882197,1771588,8653785,17543421,2374807,19918228
47,Manufacturing,"Grain Mill products, starch and starch products",0,0,0,0,0,0,0,0,0,0,0,240844,0,21393163,6098325,33008,0,0,0,0,0,0,0,0,0,0,0,0,0,0,0,0,0,0,0,0,0,0,0,0,0,0,27765340,0,0,0,0,0,0,0,0,0,0,0,0,0,0,0,0,0,0,0,0,0,0,0,0,0,0,27765340,27765340,-131748,27633592,2107542,0,2107542,508607,2616149,30249741,7671261,37921002
48,Manufacturing,Sugar,0,0,0,0,0,0,0,0,0,0,0,217781,2079,1981,7279357,0,0,0,0,0,0,0,0,0,0,0,0,0,0,0,0,0,0,0,0,0,0,0,0,0,0,0,7501198,0,0,0,0,0,0,0,0,0,0,0,0,0,0,0,0,0,0,0,0,0,0,0,0,0,0,7501198,7501198,979274,8480472,404311,0,404311,146356,550667,9031139,1925299,10956438
49,Manufacturing,Bread & Bakery products,0,0,0,0,0,0,0,0,0,0,0,2060,0,12780,3713125,0,0,0,0,0,0,0,0,0,0,0,0,0,0,0,0,0,0,0,0,0,0,0,0,0,0,0,3727965,0,0,0,0,0,0,0,0,0,0,0,0,0,0,0,0,0,0,0,0,0,0,0,0,0,0,3727965,3727965,176598,3904563,18933,0,18933,4568,23501,3928064,571600,4499664
50,Manufacturing,Miscellaneous food products,0,0,0,0,0,0,0,0,0,0,0,1171862,218013,5610878,8227418,69183,0,0,0,0,0,0,0,0,0,0,0,0,0,0,0,48691,180153,0,0,0,0,0,0,0,0,0,15526198,0,0,0,0,0,0,0,0,0,0,0,0,0,0,0,0,0,0,0,0,0,0,0,0,0,0,15526198,15526198,513481,16039679,484652,0,484652,116959,601611,16641290,2629748,19271038
51,Manufacturing,Alcoholic beverages,0,0,0,0,0,0,0,0,0,0,0,38625,93,0,137607,4264548,0,0,0,0,0,0,0,0,0,0,0,0,0,0,0,51591,0,0,0,0,0,0,0,0,0,0,4492464,0,0,0,0,0,0,0,0,0,0,0,0,0,0,0,0,0,0,0,0,0,0,0,0,0,0,4492464,4492464,2019458,6511922,284845,0,284845,343704,628549,7140471,813994,7954465
52,Manufacturing,Non alcoholic beverages,0,0,0,0,0,0,0,0,0,0,0,105585,1715,0,50469,1962952,0,0,0,0,0,0,0,0,0,0,0,0,0,0,0,615,130219,0,0,0,0,0,0,0,0,0,2251555,0,0,0,0,0,0,0,0,0,0,0,0,0,0,0,0,0,0,0,0,0,0,0,0,0,0,2251555,2251555,215758,2467313,108405,0,108405,26160,134565,2601878,414486,3016364
53,Manufacturing,Tea processed,0,0,0,0,0,0,0,0,0,0,0,0,0,0,2398654,0,0,0,0,0,0,0,0,0,0,0,0,0,0,0,0,0,0,0,0,0,0,0,0,0,0,0,2398654,0,0,0,0,0,0,0,0,0,0,0,0,0,0,0,0,0,0,0,0,0,0,0,0,0,0,2398654,2398654,102282,2500936,37740,0,37740,30359,68099,2569035,885797,3454832
54,Manufacturing,Coffee processed,0,0,0,0,0,0,0,0,0,0,0,0,0,0,890810,0,0,0,0,0,0,0,0,0,0,0,0,0,0,0,0,0,0,0,0,0,0,0,0,0,0,0,890810,0,0,0,0,0,0,0,0,0,0,0,0,0,0,0,0,0,0,0,0,0,0,0,0,0,0,890810,890810,72211,963021,84047,0,84047,67609,151656,1114677,385432,1500109
55,Manufacturing,Tobacco Products,0,0,0,0,0,0,0,0,0,0,0,0,0,0,0,0,6127110,0,0,0,0,0,0,0,0,0,0,0,0,0,0,0,0,0,0,0,0,0,0,0,0,0,6127110,0,0,0,0,0,0,0,0,0,0,0,0,0,0,0,0,0,0,0,0,0,0,0,0,0,0,6127110,6127110,3928116,10055226,33098,0,33098,7987,41085,10096311,1486123,11582434
56,Manufacturing,Cotton Yarn and Cotton Textiles,0,0,0,0,0,0,0,0,0,0,0,0,0,0,0,0,0,18131927,1522850,0,0,0,134,0,0,0,0,0,0,0,0,0,0,0,0,0,0,0,0,72,0,0,19654983,0,0,0,0,0,0,0,0,0,0,0,0,0,0,0,0,0,0,0,0,0,0,0,0,0,0,19654983,19654983,1370564,21025547,416655,0,416655,67033,483688,21509235,7729846,29239081
57,Manufacturing,Synthetic yarn and synthetic  textiles,0,0,0,0,0,0,0,0,0,0,0,0,0,0,0,0,0,14463535,308142,0,0,0,0,0,0,0,0,0,0,0,0,57289,0,194085,0,0,0,0,0,0,0,0,15023051,0,0,0,0,0,0,0,0,0,0,0,0,0,0,0,0,0,0,0,0,0,0,0,0,0,0,15023051,15023051,794022,15817073,1487969,0,1487969,179543,1667512,17484585,9846041,27330626
58,Manufacturing,Wool yarn and woolen textiles,0,0,0,0,0,0,0,0,0,0,0,0,0,0,0,0,0,3115049,2600,0,0,0,0,0,0,0,0,0,0,0,0,0,0,0,0,1767,0,0,0,0,0,0,3119416,0,0,0,0,0,0,0,0,0,0,0,0,0,0,0,0,0,0,0,0,0,0,0,0,0,0,3119416,3119416,39590,3159006,34542,0,34542,6946,41488,3200494,2091166,5291660
59,Manufacturing,Silk yarn and silk textiles,0,0,0,0,0,0,0,0,0,0,0,0,0,0,0,0,0,5495445,104719,0,0,0,0,0,0,0,0,0,0,0,0,0,0,0,0,0,0,0,0,0,0,0,5600164,0,0,0,0,0,0,0,0,0,0,0,0,0,0,0,0,0,0,0,0,0,0,0,0,0,0,5600164,5600164,42865,5643029,33201,0,33201,6676,39877,5682906,2082104,7765010
60,Manufacturing,Carpet weaving,0,0,0,0,0,0,0,0,0,0,0,0,0,0,0,0,0,1462653,0,0,0,0,0,0,0,0,0,0,0,0,0,0,0,688,0,0,0,0,0,0,0,0,1463341,0,0,0,0,0,0,0,0,0,0,0,0,0,0,0,0,0,0,0,0,0,0,0,0,0,0,1463341,1463341,-18716,1444625,60855,0,60855,11258,72113,1516738,628401,2145139
61,Manufacturing,Ready made garments,0,0,0,0,0,0,0,0,0,0,0,0,0,0,0,0,0,3879600,12252999,0,0,0,0,0,0,0,0,0,0,0,0,0,0,9019,0,0,0,0,0,554,0,0,16142172,0,0,0,0,0,0,0,0,0,0,0,0,0,0,0,0,0,0,0,0,0,0,0,0,0,0,16142172,16142172,882053,17024225,386746,0,386746,77776,464522,17488747,4901358,22390105
62,Manufacturing,Misc. textile products,0,0,0,0,0,0,0,0,0,0,0,1015,0,0,0,0,0,9186009,220855,700396,0,0,0,0,0,0,0,0,0,0,0,0,0,367,0,129695,0,5529,126227,28382,0,0,10398475,0,0,0,0,0,0,0,0,0,0,0,0,0,0,0,0,0,0,0,0,0,0,0,0,0,0,10398475,10398475,460189,10858664,1098169,0,1098169,88338,1186507,12045171,3149021,15194192
63,Manufacturing,Leather footwear,0,0,0,0,0,0,0,0,0,0,0,0,0,0,0,0,0,0,0,4425106,0,0,0,0,0,0,0,0,0,0,0,0,0,43473,0,0,0,0,0,285,0,0,4468864,0,0,0,0,0,0,0,0,0,0,0,0,0,0,0,0,0,0,0,0,0,0,0,0,0,0,4468864,4468864,200201,4669065,310244,0,310244,62392,372636,5041701,2793780,7835481
64,Manufacturing,Leather and leather products except footwear,0,0,0,0,0,0,0,0,0,0,0,8770,0,0,0,0,0,92255,155849,2612348,0,0,0,0,0,0,0,0,0,0,0,0,0,1017,0,0,0,0,0,7342,0,0,2877581,0,0,0,0,0,0,0,0,0,0,0,0,0,0,0,0,0,0,0,0,0,0,0,0,0,0,2877581,2877581,190219,3067800,557225,0,557225,44824,602049,3669849,1393398,5063247
65,Manufacturing,Wood and wood products except furniture,0,0,0,0,0,0,0,0,0,0,0,0,0,3331,0,0,0,107449,0,0,0,0,12415,0,0,0,0,0,0,0,0,0,0,0,2100,5662072,3991,1938,1560274,13976,0,0,7367546,0,0,0,0,0,0,0,0,0,0,0,0,0,0,0,0,0,0,0,0,0,0,0,0,0,0,7367546,7367546,1082454,8450000,818963,0,818963,32939,851902,9301902,1682241,10984143
66,Manufacturing,"Paper, Paper products and newsprint",0,0,0,0,0,0,0,0,0,0,0,0,1258,0,0,0,0,556,0,0,1095,0,3665,0,0,0,467,0,0,0,0,0,0,865,546,44076,10411928,1685689,0,9320,0,0,12159465,0,0,0,0,0,0,0,0,0,0,0,0,0,0,0,0,0,0,0,0,0,0,0,0,0,0,12159465,12159465,911359,13070824,2733629,0,2733629,153930,2887559,15958383,1791453,17749836
67,Manufacturing,"Publishing, printing and allied activities",0,0,0,0,0,0,0,0,0,0,0,0,0,0,0,0,0,34444,0,0,0,0,1154,0,0,0,0,0,0,0,0,0,0,1305,14066,5121,177010,3390400,1904,13,0,0,3625417,0,0,0,0,0,0,0,0,0,0,0,0,0,0,0,0,0,0,0,0,0,0,0,0,0,0,3625417,3625417,31326,3656743,228815,0,228815,14725,243540,3900283,1395628,5295911
68,Manufacturing,Furniture & Fixtures ,0,0,0,0,0,0,0,0,0,0,0,0,0,0,0,0,0,6355,0,0,0,0,79088,0,0,0,0,0,0,0,0,0,0,184,206,2138289,0,0,6057850,1119,0,0,8283091,0,0,0,0,0,0,0,0,0,0,0,0,0,0,0,0,0,0,0,0,0,0,0,0,0,0,8283091,8283091,156445,8439536,483765,0,483765,66137,549902,8989438,2508587,11498025
69,Manufacturing,Rubber products,0,0,0,0,0,0,0,0,0,0,0,0,0,0,0,0,0,142438,0,244025,0,0,92893,0,0,0,0,0,0,1885975,0,0,0,8995468,168,0,0,1236,405071,41686,0,0,11808960,0,0,0,0,0,0,0,0,0,0,0,0,0,0,0,0,0,0,0,0,0,0,0,0,0,0,11808960,11808960,699982,12508942,1906899,0,1906899,230093,2136992,14645934,3843055,18488989
70,Manufacturing,Plastic products,0,0,0,0,0,0,0,0,0,0,0,0,0,0,0,0,0,51726,0,1151902,4104,0,31574,48612,0,93191,196,0,0,363378,0,5004819,0,14116987,12051,79941,0,680802,144192,60802,0,0,21844277,0,0,0,0,0,0,0,0,0,0,0,0,0,0,0,0,0,0,0,0,0,0,0,0,0,0,21844277,21844277,1935222,23779499,7464599,0,7464599,600470,8065069,31844568,3372406,35216974
71,Manufacturing,Petroleum products ,0,0,0,0,0,0,0,0,0,0,0,0,0,0,0,0,0,0,0,0,0,0,0,0,0,0,0,0,0,0,103879906,0,10944,0,0,0,0,0,0,0,0,0,103890850,0,0,0,0,0,0,0,0,0,0,0,0,0,0,0,0,0,0,0,0,0,0,0,0,0,0,103890850,103890850,32867214,136758064,11110475,0,11110475,715004,11825479,148583543,18364368,166947911
72,Manufacturing,Coal tar products,0,0,0,0,0,0,0,0,0,0,0,0,0,0,0,0,0,0,0,0,0,0,0,0,0,0,0,0,0,0,3420434,0,0,0,2196,0,0,0,0,0,0,0,3422630,0,0,0,0,0,0,0,0,0,0,0,0,0,0,0,0,0,0,0,0,0,0,0,0,0,0,3422630,3422630,6188,3428818,4484,0,4484,360,4844,3433662,1115112,4548774
73,Manufacturing,Inorganic chemicals,0,0,0,0,0,0,0,0,0,0,0,0,0,0,0,11668,0,189748,0,0,35297,0,43959,0,0,0,0,0,0,0,8129654,10005474,269293,203265,171267,0,0,0,0,10875,0,0,19070500,0,0,0,0,0,0,0,0,0,0,0,0,0,0,0,0,0,0,0,0,0,0,0,0,0,0,19070500,19070500,407873,19478373,3362775,0,3362775,270509,3633284,23111657,2699129,25810786
74,Manufacturing,Organic chemicals,0,0,0,0,0,0,0,0,0,0,0,99152,0,36083,260570,897379,0,0,0,0,2,0,0,0,0,0,0,0,0,0,8092759,20281767,691610,753814,73772,0,0,0,0,0,0,0,31186908,0,0,0,0,0,0,0,0,0,0,0,0,0,0,0,0,0,0,0,0,0,0,0,0,0,0,31186908,31186908,423174,31610082,12918579,0,12918579,1039202,13957781,45567863,8778915,54346778
75,Manufacturing,Fertilizers,0,0,0,0,0,0,0,0,0,0,0,0,0,0,0,0,0,0,0,0,0,0,0,0,0,0,0,0,0,0,0,1124972,0,0,0,0,0,0,0,0,0,0,1124972,0,0,0,0,0,0,0,0,0,0,0,0,0,0,0,0,0,0,0,0,0,0,0,0,0,0,1124972,1124972,108869,1233841,4597306,0,4597306,277363,4874669,6108510,134105,6242615
76,Manufacturing,Pesticides,0,0,0,0,0,0,0,0,0,0,0,0,0,0,0,0,0,0,0,0,0,0,0,0,0,0,0,0,0,0,0,3250446,95322,0,27,0,0,0,0,0,0,0,3345795,0,0,0,0,0,0,0,0,0,0,0,0,0,0,0,0,0,0,0,0,0,0,0,0,0,0,3345795,3345795,52806,3398601,0,0,0,0,0,3398601,391127,3789728
77,Manufacturing,"Paints, varnishes and lacquers",0,0,0,0,0,0,0,0,0,0,0,0,0,0,0,0,0,0,0,0,0,0,0,0,0,0,0,0,0,0,59108,5952919,0,18165,0,0,0,0,35,21497,0,0,6051724,0,0,0,0,0,0,0,0,0,0,0,0,0,0,0,0,0,0,0,0,0,0,0,0,0,0,6051724,6051724,650075,6701799,1108840,0,1108840,44598,1153438,7855237,1968970,9824207
78,Manufacturing,Drugs and medicine,0,0,0,0,0,0,0,0,0,0,0,183531,0,7529,50825,0,0,36209,0,0,0,0,0,0,0,0,0,0,0,0,0,1225058,21357617,118092,769,227,0,0,0,59502,0,0,23039359,0,0,0,0,0,0,0,0,0,0,0,0,0,0,0,0,0,0,0,0,0,0,0,0,0,0,23039359,23039359,1346730,24386089,1081875,0,1081875,69623,1151498,25537587,2970411,28507998
79,Manufacturing,"Soaps, cosmetics and glycerin",0,0,0,0,0,0,0,0,0,0,0,80306,11099,398,119064,173,0,0,0,0,0,0,0,0,0,0,0,0,0,0,22892,7909428,296236,0,139,4275,0,0,9682,259,0,0,8453951,0,0,0,0,0,0,0,0,0,0,0,0,0,0,0,0,0,0,0,0,0,0,0,0,0,0,8453951,8453951,1273787,9727738,766622,0,766622,30834,797456,10525194,1820801,12345995
80,Manufacturing,"Synthetic fibres, resin",0,0,0,0,0,0,0,0,0,0,0,0,0,0,0,0,0,5982187,0,0,0,0,0,0,0,0,0,0,0,0,1125,3367755,0,524,0,0,0,0,0,37510,0,0,9389101,0,0,0,0,0,0,0,0,0,0,0,0,0,0,0,0,0,0,0,0,0,0,0,0,0,0,9389101,9389101,53281,9442382,0,0,0,0,0,9442382,2856620,12299002
81,Manufacturing,Other chemicals and chemical products,0,0,0,0,0,0,0,0,0,0,0,2735216,0,24942,2634,0,0,5018,0,82435,3672,667,0,0,0,0,0,0,0,0,2063077,2653150,3643873,13823,85761,14171,15886,1793,6030,288,0,0,11352436,0,0,0,0,0,0,0,0,0,0,0,0,0,0,0,0,0,0,0,0,0,0,0,0,0,0,11352436,11352436,415061,11767497,383525,0,383525,30851,414376,12181873,1894448,14076321
82,Manufacturing,Cement,0,0,0,0,0,0,0,0,0,0,0,0,0,0,0,0,0,0,0,0,0,0,0,0,0,0,0,0,0,0,0,0,0,0,10525689,0,0,0,0,0,0,0,10525689,0,0,0,0,0,0,0,0,0,0,0,0,0,0,0,0,0,0,0,0,0,0,0,0,0,0,10525689,10525689,2498936,13024625,216563,0,216563,17420,233983,13258608,3294550,16553158
83,Manufacturing,Non metallic mineral products,0,0,0,0,0,0,0,0,0,0,0,57,0,0,0,0,0,7969,0,0,17275,272993,59265,0,0,0,0,321465,0,0,0,0,0,14973,20801290,15185,1946,3353,8262,13085,9260,0,21546378,0,0,0,0,0,0,0,0,0,0,0,0,0,0,0,0,0,0,0,0,0,0,0,0,0,0,21546378,21546378,2433008,23979386,1584633,0,1584633,127471,1712104,25691490,6603000,32294490
84,Manufacturing,Iron and steel Ferro alloys,0,0,0,0,0,0,0,0,0,0,0,0,0,0,0,0,0,0,0,0,6366234,522451,71790,0,0,0,0,0,0,0,0,0,0,0,0,0,0,0,67,0,0,0,6960542,0,0,0,0,0,0,0,0,0,0,0,0,0,0,0,0,0,0,0,0,0,0,0,0,0,0,6960542,6960542,-167129,6793413,2344992,0,2344992,282955,2627947,9421360,2617391,12038751
85,Manufacturing,Iron and steel casting and forging,0,0,0,0,0,0,0,0,0,0,0,0,0,0,0,0,0,0,0,0,18823381,28863,534504,0,0,0,0,0,261,0,0,0,0,2097,1112,0,0,0,424,106,0,0,19390748,0,0,0,0,0,0,0,0,0,0,0,0,0,0,0,0,0,0,0,0,0,0,0,0,0,0,19390748,19390748,511712,19902460,156810,0,156810,0,156810,20059270,8957988,29017258
86,Manufacturing,Iron and steel foundries,0,0,0,0,0,0,0,0,0,0,0,0,58,0,0,0,0,0,0,0,25643810,490998,4093563,34892,0,0,337,0,21254,0,0,0,0,0,13147,40600,0,0,257203,5778,308,0,30601948,0,0,0,0,0,0,0,0,0,0,0,0,0,0,0,0,0,0,0,0,0,0,0,0,0,0,30601948,30601948,5889189,36491137,7305421,0,7305421,881500,8186921,44678058,9820982,54499040
87,Manufacturing,Non ferrous basic metals (including alloys),0,0,0,0,0,0,0,0,0,0,0,0,0,0,0,0,0,0,0,0,5991096,17415772,1269805,0,0,0,0,1117132,52122,0,0,0,0,41,70444,0,0,0,17083,46135,81,0,25979711,0,0,0,0,0,0,0,0,0,0,0,0,0,0,0,0,0,0,0,0,0,0,0,0,0,0,25979711,25979711,1330173,27309884,4151111,0,4151111,23374,4174485,31484369,3481199,34965568
88,Manufacturing,"Hand tools, hardware",0,0,0,0,0,0,0,0,0,0,0,0,0,0,0,0,0,0,0,0,2132,0,2497608,0,0,0,0,0,516706,0,0,0,0,632,0,0,0,0,6971,1659,0,0,3025708,0,0,0,0,0,0,0,0,0,0,0,0,0,0,0,0,0,0,0,0,0,0,0,0,0,0,3025708,3025708,86788,3112496,599843,0,599843,48252,648095,3760591,976442,4737033
89,Manufacturing,Miscellaneous metal products,0,0,0,0,0,0,0,0,0,0,0,0,0,0,0,0,0,61878,0,0,3030954,4586898,7293495,285495,0,515984,13420,925537,1114873,0,0,0,0,86565,128877,30780,26718,0,1105404,95208,30599,0,19332685,0,0,0,0,0,0,0,0,0,0,0,0,0,0,0,0,0,0,0,0,0,0,0,0,0,0,19332685,19332685,4279491,23612176,2414729,0,2414729,194246,2608975,26221151,2123194,28344345
90,Manufacturing,Tractors and  other agricultural implements,0,0,0,0,0,0,0,0,0,0,0,0,0,273,0,0,0,0,0,0,3741,0,488839,0,0,0,0,176,4785042,0,0,0,0,15646,0,48083,0,0,199,0,19705,0,5361704,0,0,0,0,0,0,0,0,0,0,0,0,0,0,0,0,0,0,0,0,0,0,0,0,0,0,5361704,5361704,184616,5546320,125092,0,125092,15093,140185,5686505,1234249,6920754
91,Manufacturing,Industrial machinery for food and textile industry,0,0,0,0,0,0,0,0,0,0,0,2329,0,41266,0,0,0,0,0,0,0,0,250820,1411,0,0,0,25752,941175,0,0,0,0,6161,726,1745,0,0,19,0,19176,0,1290580,0,0,0,0,0,0,0,0,0,0,0,0,0,0,0,0,0,0,0,0,0,0,0,0,0,0,1290580,1290580,74588,1365168,2376077,0,2376077,143352,2519429,3884597,278095,4162692
92,Manufacturing,Industrial machinery (except food and textile),0,0,0,0,0,0,0,0,0,0,0,0,0,0,0,0,0,0,0,0,56126,3938,229598,0,0,0,0,2507,4942115,0,0,0,0,0,0,0,0,0,0,0,37831,0,5272115,0,0,0,0,0,0,0,0,0,0,0,0,0,0,0,0,0,0,0,0,0,0,0,0,0,0,5272115,5272115,32349,5304464,2576275,0,2576275,155431,2731706,8036170,623970,8660140
93,Manufacturing,Machine tools,0,0,0,0,0,0,0,0,0,0,0,0,0,0,0,0,0,0,0,0,261687,11331,609309,0,2177,0,25595,161901,2028130,0,0,0,0,474206,6,3404,0,0,27795,8213,283395,0,3897149,0,0,0,0,0,0,0,0,0,0,0,0,0,0,0,0,0,0,0,0,0,0,0,0,0,0,3897149,3897149,614390,4511539,6136884,0,6136884,493666,6630550,11142089,857003,11999092
94,Manufacturing,Other non electrical machinery,0,0,0,0,0,0,0,0,0,0,0,0,0,0,0,0,0,0,0,0,46592,143246,1485395,797946,24928,0,911,4524480,16018824,0,0,0,0,0,27975,1305,0,2561,8850,60182,31571,0,23174766,0,0,0,0,0,0,0,0,0,0,0,0,0,0,0,0,0,0,0,0,0,0,0,0,0,0,23174766,23174766,1851459,25026225,12000563,0,12000563,965355,12965918,37992143,3201212,41193355
95,Manufacturing,Electrical industrial machinery,0,0,0,0,0,0,0,0,0,0,0,0,0,0,0,0,0,0,0,0,54475,6910,204605,1298615,31288,385250,135,8048920,737963,0,0,0,0,163,296,0,0,0,0,0,19878,0,10788498,0,0,0,0,0,0,0,0,0,0,0,0,0,0,0,0,0,0,0,0,0,0,0,0,0,0,10788498,10788498,263636,11052134,1825700,0,1825700,146863,1972563,13024697,1431666,14456363
96,Manufacturing,"Electrical cables, wires",0,0,0,0,0,0,0,0,0,0,0,0,0,0,0,0,0,0,0,0,8437,108634,66528,43380,0,8456,59,2959335,0,0,0,0,0,0,501,0,0,0,0,0,0,0,3195330,0,0,0,0,0,0,0,0,0,0,0,0,0,0,0,0,0,0,0,0,0,0,0,0,0,0,3195330,3195330,175008,3370338,1402729,0,1402729,282097,1684826,5055164,581492,5636656
97,Manufacturing,Batteries,0,0,0,0,0,0,0,0,0,0,0,0,0,0,0,0,0,0,0,0,0,0,5293,2640,0,301410,0,2076634,0,0,0,0,0,7378,0,0,0,0,0,0,848,0,2394203,0,0,0,0,0,0,0,0,0,0,0,0,0,0,0,0,0,0,0,0,0,0,0,0,0,0,2394203,2394203,241289,2635492,484226,0,484226,38951,523177,3158669,377704,3536373
98,Manufacturing,Electrical appliances,0,0,0,0,0,0,0,0,0,0,0,0,0,0,0,0,0,0,0,0,0,0,1955197,103820,0,75632,59,4070444,112909,0,0,0,0,38929,2407,0,0,0,0,1884,9450,0,6370731,0,0,0,0,0,0,0,0,0,0,0,0,0,0,0,0,0,0,0,0,0,0,0,0,0,0,6370731,6370731,875025,7245756,1347937,0,1347937,108430,1456367,8702123,745099,9447222
99,Manufacturing,Communication equipment,0,0,0,0,0,0,0,0,0,0,0,0,0,0,0,0,0,0,0,0,0,0,4143,1310510,171137,810597,28,944,3,0,0,0,0,16520,0,0,0,0,0,33106,0,0,2346988,0,0,0,0,0,0,0,0,0,0,0,0,0,0,0,0,0,0,0,0,0,0,0,0,0,0,2346988,2346988,-1309,2345679,10115758,0,10115758,813736,10929494,13275173,357197,13632370
100,Manufacturing,Other electrical machinery,0,0,0,0,0,0,0,0,0,0,0,0,0,0,0,0,0,0,0,0,15734,0,9636,202109,75,1327629,13,1226392,220890,0,0,0,0,1289,2151,3325,0,0,0,19654,22,0,3028919,0,0,0,0,0,0,0,0,0,0,0,0,0,0,0,0,0,0,0,0,0,0,0,0,0,0,3028919,3028919,598357,3627276,6556335,0,6556335,527407,7083742,10711018,134065,10845083
101,Manufacturing,Electronic equipment including T.V,0,0,0,0,0,0,0,0,0,0,0,1560,0,0,0,0,0,0,0,0,777,0,29812,385703,1679844,73316,519883,767937,287464,0,0,0,0,1933,0,52786,0,15756,0,1356,0,0,3818127,0,0,0,0,0,0,0,0,0,0,0,0,0,0,0,0,0,0,0,0,0,0,0,0,0,0,3818127,3818127,970701,4788828,2050693,0,2050693,164962,2215655,7004483,510342,7514825
102,Manufacturing,"Medical precision, optical instrument",0,0,0,0,0,0,0,0,0,0,0,0,0,0,0,0,0,0,0,0,31266,0,136141,123154,0,1160959,1290610,769069,677051,0,0,0,68767,45732,43245,0,0,14820,0,490912,16735,0,4868461,0,0,0,0,0,0,0,0,0,0,0,0,0,0,0,0,0,0,0,0,0,0,0,0,0,0,4868461,4868461,168125,5036586,4787611,0,4787611,385127,5172738,10209324,991791,11201115
103,Manufacturing,Watches and clocks,0,0,0,0,0,0,0,0,0,0,0,0,0,0,0,0,0,0,0,0,0,0,0,0,0,0,424092,0,0,0,0,0,0,0,0,0,0,0,0,954,0,0,425046,0,0,0,0,0,0,0,0,0,0,0,0,0,0,0,0,0,0,0,0,0,0,0,0,0,0,425046,425046,97935,522981,190249,0,190249,25064,215313,738294,102859,841153
104,Manufacturing,Ships and boats,0,0,0,0,0,0,0,0,0,0,0,0,0,0,0,0,0,0,0,0,0,0,20307,0,0,0,0,0,71100,1198969,0,0,0,0,0,0,0,0,0,0,0,0,1290376,0,0,0,0,0,0,0,0,0,0,0,0,0,0,0,0,0,0,0,0,0,0,0,0,0,0,1290376,1290376,10476,1300852,2971658,0,2971658,594331,3565989,4866841,0,4866841
105,Manufacturing,Rail equipment,0,0,0,0,0,0,0,0,0,0,0,0,0,0,0,0,0,0,0,0,0,0,105198,0,0,0,0,110321,31985,1187954,0,0,0,112,10440,0,0,0,0,0,0,0,1446010,0,0,0,0,0,0,0,0,0,0,0,0,0,0,0,0,0,0,0,0,0,0,0,0,0,0,1446010,1446010,170068,1616078,326746,0,326746,26283,353029,1969107,118486,2087593
106,Manufacturing,Motor vehicles,0,0,0,0,0,0,0,0,0,0,0,0,0,0,0,0,0,0,0,0,0,0,147858,0,0,0,0,97522,863668,47881327,0,0,0,22526,0,104,0,0,0,0,0,0,49013005,0,0,0,0,0,0,0,0,0,0,0,0,0,0,0,0,0,0,0,0,0,0,0,0,0,0,49013005,49013005,4814742,53827747,2895689,0,2895689,349404,3245093,57072840,8565684,65638524
107,Manufacturing,Motor cycles and scooters,0,0,0,0,0,0,0,0,0,0,0,0,0,0,0,0,0,0,0,0,0,0,4862,0,0,0,0,0,107896,13247095,0,0,0,10127,0,0,0,0,0,0,0,0,13369980,0,0,0,0,0,0,0,0,0,0,0,0,0,0,0,0,0,0,0,0,0,0,0,0,0,0,13369980,13369980,778124,14148104,277877,0,277877,91523,369400,14517504,1380105,15897609
108,Manufacturing,"Bicycles, cycle-rickshaw",0,0,0,0,0,0,0,0,0,0,0,0,0,0,0,0,0,0,0,0,0,0,11376,0,0,0,0,0,39253,3244197,0,0,0,66911,0,0,0,0,0,0,0,0,3361737,0,0,0,0,0,0,0,0,0,0,0,0,0,0,0,0,0,0,0,0,0,0,0,0,0,0,3361737,3361737,28022,3389759,102581,0,102581,47187,149768,3539527,991564,4531091
109,Manufacturing,Aircrafts & Spacecrafts,0,0,0,0,0,0,0,0,0,0,0,0,0,0,0,0,0,0,0,0,0,0,0,0,0,0,0,0,30,458613,0,0,0,0,0,0,0,0,0,0,0,0,458643,0,0,0,0,0,0,0,0,0,0,0,0,0,0,0,0,0,0,0,0,0,0,0,0,0,0,458643,458643,-2655,455988,3258673,0,3258673,0,3258673,3714661,22810,3737471
110,Manufacturing,Other transport equipment,0,0,0,0,0,0,0,0,0,0,0,0,0,0,0,0,0,0,0,0,0,0,2176,0,0,0,0,0,150107,2277293,0,0,0,0,0,20807,0,0,1122,0,0,0,2451505,0,0,0,0,0,0,0,0,0,0,0,0,0,0,0,0,0,0,0,0,0,0,0,0,0,0,2451505,2451505,-1733,2449772,46,0,46,0,46,2449818,205828,2655646
111,Manufacturing,Gems & jewellery,0,0,0,0,0,0,0,0,0,0,0,0,0,0,0,0,0,97867,0,0,0,2906910,1224,0,0,0,0,0,0,0,0,0,0,0,102293,0,0,0,0,15020153,0,0,18128447,0,0,0,0,0,0,0,0,0,0,0,0,0,0,0,0,0,0,0,0,0,0,0,0,0,0,18128447,18128447,494023,18622470,36948046,0,36948046,2147953,39095999,57718469,1587072,59305541
112,Manufacturing,Miscellaneous manufacturing,0,0,0,0,0,0,0,0,0,0,0,418,13,0,5271,0,0,62097,9866,76649,133245,179489,4250966,3737,101981,38118,8280,84242,288794,245165,25129,386850,5218,292928,270717,290904,299085,336086,411689,1282310,21330,0,9110577,0,0,0,0,0,0,0,0,0,0,0,0,0,0,0,0,0,0,0,0,0,0,0,0,0,0,9110577,9110577,1421799,10532376,6173961,0,6173961,993341,7167302,17699678,3259194,20958872
113,Manufacturing,Construction and construction services,0,0,0,0,0,0,0,0,0,0,0,592,125,660,1858,176,887,4753,0,0,77900,0,1106,0,0,0,0,1301,6287,43998,0,41068,312,17283,34058,803,0,0,0,0,0,269076800,269309967,0,0,0,0,0,0,0,0,0,0,0,0,0,0,0,0,0,0,0,0,0,0,0,0,0,0,269309967,269309967,-1070320,268239647,761172,0,761172,0,761172,269000819,0,269000819
114,Service Sector,Electricity,0,0,0,0,0,0,0,0,0,0,0,8554,267,3047,335673,5091,224,54757,11586,300,273159,9794,55784,38,0,0,57,17048,5716,27358,29545,106449,2247,0,0,0,22270,49,556,2263,0,0,971832,67383900,0,0,0,0,0,0,0,0,0,0,0,0,0,0,0,0,0,0,0,0,0,0,0,0,67383900,68355732,68355732,-510074,67845658,0,0,0,0,0,67845658,0,67845658
115,Service Sector,Gas,0,0,0,0,0,0,0,0,0,0,0,0,0,0,0,0,0,0,0,0,0,0,0,0,0,0,0,0,0,0,1920818,1660,0,0,0,0,0,0,0,0,0,0,1922478,0,7432700,0,0,0,0,0,0,0,0,0,0,0,0,0,0,0,0,0,0,0,0,0,0,0,7432700,9355178,9355178,-24058,9331120,0,0,0,0,0,9331120,0,9331120
116,Service Sector,Water Supply,4515800,0,0,0,0,0,0,0,0,0,4515800,122,0,0,0,0,0,0,0,0,0,0,0,0,0,0,0,0,0,0,0,0,0,0,0,0,0,0,0,0,0,0,122,0,0,6491200,0,0,0,0,0,0,0,0,0,0,0,0,0,0,0,0,0,0,0,0,0,0,6491200,11007122,11007122,-85235,10921887,0,0,0,0,0,10921887,0,10921887
117,Service Sector,Trade,0,0,0,0,0,0,0,0,0,0,0,3163473,740641,3940235,1867567,416193,133717,6814372,1159110,475095,4950072,1225537,1820564,737864,466231,601483,212609,2129717,3387660,2877044,704815,4856803,2451667,1301255,1187422,817815,267167,187837,737013,2858852,452816,0,52942646,0,0,0,0,0,0,0,0,0,0,161804744,0,0,0,0,0,0,0,0,0,0,0,0,0,0,161804744,214747390,214747390,-1183223,213564167,0,0,0,0,0,213564167,-213564167,0
118,Service Sector,Repair & Maintenance of Motor Vehicle,0,0,0,0,0,0,0,0,0,0,0,0,0,0,0,0,0,0,0,0,0,0,0,0,0,0,0,0,0,0,0,0,0,0,0,0,0,0,0,0,0,0,0,0,0,0,0,0,0,0,0,0,0,13294656,0,0,0,0,0,0,0,0,0,0,0,0,0,0,13294656,13294656,13294656,-276869,13017787,0,0,0,0,0,13017787,0,13017787
119,Service Sector,Hotels & Restaurant,0,0,0,0,0,0,0,0,0,0,0,0,0,1982,23666,0,0,0,0,0,0,0,0,0,0,0,0,0,0,0,0,0,0,0,0,0,0,0,0,0,0,0,25648,0,0,0,0,0,0,0,0,0,0,0,37115100,0,0,0,0,0,0,0,0,0,0,0,0,0,37115100,37140748,37140748,219006,37359754,0,0,0,0,0,37359754,0,37359754
120,Service Sector,Railway Transport,0,0,0,0,0,0,0,0,0,0,0,0,0,0,0,0,0,0,0,0,0,0,0,0,0,0,0,0,0,0,0,0,0,0,0,0,0,0,0,0,0,0,0,0,0,0,15115100,0,0,0,0,0,0,0,0,0,0,0,0,0,0,0,0,0,0,0,0,0,15115100,15115100,15115100,-664002,14451098,0,0,0,0,0,14451098,-9175300,5275798
121,Service Sector,Land transport,0,0,0,0,0,0,0,0,0,0,0,0,0,0,0,0,0,0,0,0,0,0,0,0,0,0,0,0,0,0,0,0,0,0,0,0,0,0,0,0,0,0,0,0,0,0,0,89538800,0,0,0,0,0,0,0,0,0,0,0,0,0,0,0,0,0,0,0,0,89538800,89538800,89538800,813259,90352059,0,0,0,0,0,90352059,-47043686,43308373
122,Service Sector,Air transport,0,0,0,0,0,0,0,0,0,0,0,0,0,0,0,0,0,0,0,0,0,0,0,0,0,0,0,0,0,0,0,0,0,0,0,0,0,0,0,0,0,0,0,0,0,0,0,0,0,8356000,0,0,0,0,0,0,0,0,0,0,0,0,0,0,0,0,0,0,8356000,8356000,8356000,281046,8637046,3247127,-1623563,1623564,0,1623564,10260610,-887174,9373436
123,Service Sector,Water Transport,0,0,0,0,0,0,0,0,0,0,0,0,0,0,0,0,0,0,0,0,0,0,0,0,0,0,0,0,0,0,0,0,0,0,0,0,0,0,0,0,0,0,0,0,0,0,0,0,2199700,0,0,0,0,0,0,0,0,0,0,0,0,0,0,0,0,0,0,0,2199700,2199700,2199700,294563,2494263,8948045,-4474022,4474023,0,4474023,6968286,-1983050,4985236
124,Service Sector,Supportive and Auxiliary transport activities,0,0,0,0,0,0,0,0,0,0,0,0,0,0,0,0,0,0,0,0,0,0,95,0,0,0,0,0,0,0,0,0,0,0,0,0,0,0,0,0,0,0,95,0,0,0,0,0,0,0,19103900,0,0,0,0,0,0,0,0,0,0,0,0,0,0,0,0,0,19103900,19103995,19103995,1063829,20167824,0,0,0,0,0,20167824,-17099180,3068644
125,Service Sector,Storage and warehousing,0,0,0,0,0,0,0,0,0,0,0,0,0,0,0,0,0,0,0,0,0,0,0,0,0,0,0,0,0,0,0,0,0,0,0,0,0,0,0,0,0,0,0,0,0,0,0,0,0,0,0,1505800,0,0,0,0,0,0,0,0,0,0,0,0,0,0,0,0,1505800,1505800,1505800,-337989,1167811,0,0,0,0,0,1167811,0,1167811
126,Service Sector,Communication services,0,0,0,0,0,0,0,0,0,0,0,0,0,0,0,0,0,0,0,0,0,0,0,0,0,0,0,0,0,0,0,0,0,0,0,0,0,0,0,0,0,0,0,0,0,0,0,0,0,0,0,0,54816300,0,0,0,0,0,0,0,0,0,0,0,0,0,0,0,54816300,54816300,54816300,1149510,55965810,1573201,0,1573201,0,1573201,57539011,0,57539011
127,Service Sector,Financial services,0,0,0,0,0,0,0,0,0,0,0,0,0,0,0,0,0,0,0,0,0,0,0,0,0,0,0,0,0,0,0,0,0,0,0,0,0,0,0,0,0,0,0,0,0,0,0,0,0,0,0,0,0,0,0,80137993,0,0,0,0,0,0,0,0,0,0,0,0,80137993,80137993,80137993,1242908,81380901,6068352,0,6068352,0,6068352,87449253,0,87449253
128,Service Sector,Insurance services,0,0,0,0,0,0,0,0,0,0,0,0,0,0,0,0,0,0,0,0,0,0,0,0,0,0,0,0,0,0,0,0,0,0,0,0,0,0,0,0,0,0,0,0,0,0,0,0,0,0,0,0,0,0,0,0,17365406,0,0,0,0,0,0,0,0,0,0,0,17365406,17365406,17365406,1838860,19204266,1139557,-569778,569779,0,569779,19774045,0,19774045
129,Service Sector,Ownership of dwellings,0,0,0,0,0,0,0,0,0,0,0,0,0,0,0,0,0,0,0,0,0,0,0,0,0,0,0,0,0,0,0,0,0,0,0,0,0,0,0,0,0,0,0,0,0,0,0,0,0,0,0,0,0,0,0,0,0,86718600,0,0,0,0,0,0,0,0,0,0,86718600,86718600,86718600,-167898,86550702,0,0,0,0,0,86550702,0,86550702
130,Service Sector,Real estate services,0,0,0,0,0,0,0,0,0,0,0,0,0,0,0,0,0,0,0,0,0,0,0,0,0,0,0,0,0,0,0,0,0,0,0,0,0,0,0,0,0,0,0,0,0,0,0,0,0,0,0,0,0,0,0,0,0,0,0,0,0,0,0,22175500,0,0,0,0,22175500,22175500,22175500,1300055,23475555,0,0,0,0,0,23475555,0,23475555
131,Service Sector,Renting of machinery & equipment,0,0,0,0,0,0,0,0,0,0,0,0,0,0,0,0,0,0,0,0,0,0,0,0,0,0,0,0,0,0,0,0,0,0,0,0,0,0,0,0,0,0,0,0,0,0,0,0,0,0,0,0,0,0,0,0,0,0,0,0,0,0,0,0,2120856,0,0,0,2120856,2120856,2120856,-56371,2064485,0,0,0,0,0,2064485,0,2064485
132,Service Sector,Research & Development Services,0,0,0,0,0,0,0,0,0,0,0,0,0,0,0,0,0,0,0,0,0,0,0,0,0,0,0,0,0,0,0,0,0,0,0,0,0,0,0,0,0,0,0,0,0,0,0,0,0,0,0,0,0,0,0,0,0,0,0,0,0,0,8527197,0,0,0,0,0,8527197,8527197,8527197,-31552,8495645,171740,0,171740,0,171740,8667385,0,8667385
133,Service Sector,Legal services,0,0,0,0,0,0,0,0,0,0,0,0,0,0,0,0,0,0,0,0,0,0,0,0,0,0,0,0,0,0,0,0,0,0,0,0,0,0,0,0,0,0,0,0,0,0,0,0,0,0,0,0,0,0,0,0,0,0,0,0,7808914,0,0,0,0,0,0,0,7808914,7808914,7808914,-279852,7529062,0,0,0,0,0,7529062,0,7529062
134,Service Sector,Other Business services,0,0,0,0,0,0,0,0,0,0,0,0,0,0,0,0,0,0,0,0,0,0,0,0,0,0,0,558,0,0,0,0,0,0,0,0,0,0,0,0,0,0,558,0,0,0,0,0,0,0,0,0,0,0,0,0,0,0,0,0,0,0,48993841,0,0,0,0,0,48993841,48994399,48994399,5438119,54432518,32391682,0,32391682,0,32391682,86824200,0,86824200
135,Service Sector,Computer related services,0,0,0,0,0,0,0,0,0,0,0,0,0,0,0,0,0,0,0,0,0,0,0,0,0,0,0,0,0,0,0,0,0,0,0,0,0,0,0,0,0,0,0,0,0,0,0,0,0,0,0,0,0,0,0,0,0,0,0,0,0,74813000,0,0,0,0,0,0,74813000,74813000,74813000,-595276,74217724,953960,0,953960,0,953960,75171684,0,75171684
136,Service Sector,Public administration and defence,0,0,0,0,0,0,0,0,0,0,0,0,0,0,0,0,0,0,0,0,0,0,0,0,0,0,0,0,0,0,0,0,0,0,0,0,0,0,0,0,0,0,0,0,0,0,0,0,0,0,0,0,0,0,0,0,0,0,0,0,0,0,0,0,0,0,0,98330800,98330800,98330800,98330800,0,98330800,0,0,0,0,0,98330800,0,98330800
137,Service Sector,Education services,0,0,0,0,0,0,0,0,0,0,0,0,0,0,0,0,0,0,0,0,0,0,0,0,0,0,0,0,0,0,0,0,0,0,0,0,0,0,0,0,0,0,0,0,0,0,0,0,0,0,0,0,0,0,0,0,0,0,59292371,0,0,0,0,0,0,0,0,0,59292371,59292371,59292371,955831,60248202,0,0,0,0,0,60248202,0,60248202
138,Service Sector,Human health and social care services,0,0,0,0,0,0,0,0,0,0,0,0,0,0,0,0,0,0,0,0,0,0,0,0,0,0,0,0,0,0,0,0,0,0,0,0,0,0,0,0,0,0,0,0,0,0,0,0,0,0,0,0,0,0,0,0,0,0,0,31681752,0,0,0,0,0,0,0,0,31681752,31681752,31681752,-269703,31412049,0,0,0,0,0,31412049,0,31412049
139,Service Sector,"Community, social and personal services",0,0,0,0,0,0,0,0,0,0,0,0,0,0,0,0,0,0,0,0,0,0,0,0,0,0,0,0,0,0,0,0,0,0,0,0,0,0,0,0,0,0,0,0,0,0,0,0,0,0,0,0,0,0,0,0,0,0,0,0,0,0,0,0,0,43210158,0,0,43210158,43210158,43210158,176835,43386993,0,0,0,0,0,43386993,0,43386993
140,Service Sector,"Recreation, entertainment and radio & TV broadcasting  and other services",0,0,0,0,0,0,0,0,0,0,0,0,0,0,0,0,0,0,0,0,0,0,0,0,0,0,0,0,258,0,0,0,0,0,0,4,0,7213,869,1347,0,0,9691,0,0,0,0,0,0,0,0,0,0,0,0,0,0,0,0,0,0,0,0,0,0,0,15750485,0,15750485,15760176,15760176,2039882,17800058,206857,0,206857,0,206857,18006915,0,18006915
